"pkd_section","pkd_2025","pkd_name","year","revenue","net_profit","investments","firms","profitable_firms","profit_margin","profitable_share","bank_debt","total_liab","leverage_bank_to_rev","leverage_tot_to_rev","invest_intensity","cagr_revenue","cagr_net_profit","cagr_investments","cagr_firms","profit_margin_std_3y","size_index","growth_index","profit_index","risk_index","outlook_index","current_index","future_index","main_index","class","revenue_parameter","firms_parameter","growth_parameter","cagr_revenue_parameter","cagr_net_profit_parameter","profit_margin_parameter","profitable_share_parameter","leverage_bank_to_rev_parameter","leverage_tot_to_rev_parameter","profit_margin_std_3y_parameter","invest_intensity_parameter","cagr_investments_parameter","size_index_parameter","growth_index_parameter","profit_index_parameter","risk_index_parameter","growth_index_parameter2","profit_index_parameter2","risk_index_parameter2","future_growth_index_parameter","outlook_index_parameter","future_risk_index_parameter","current_index_parameter","future_index_parameter"
87,87,"POMOC SPOŁECZNA Z ZAKWATEROWANIEM",2018,345.01,26.79,18.12,78,58,0.0776499231906322,0.743589743589744,120.6,171.4,0.349555085359845,0.496797194284224,"0.052520216805309994",0.689038517901191,52.8627450980392,0.323276134793922,0.116783165065458,0.0193012399647201,0.187132233959107,67.6068133687632,78.2215869744059,89.8582166457564,16.0856955187919,63.4519915263111,53.6737872118727,59.5407098005357,"Gwiazdy wzrostu",,,,,,,,,,,,,,,,,,,,,,,,
3,3,"RYBACTWO",2018,578.3,50.6,40.22,105,75,0.0874978384921321,0.714285714285714,133.18,287.92,0.230295694276327,0.497873076257998,"0.06954867715718485",2.57000820218934,3.12672954035179,1.62641306798738,0.00970934508224186,0.0377203877074143,0.254658441217042,54.2356815592165,79.0933404028855,84.6394077556044,41.1027076198527,58.7750095054502,58.1036098423873,58.5064496402251,"Gwiazdy wzrostu",,,,,,,,,,,,,,,,,,,,,,,,
46,46,"HANDEL HURTOWY, Z WYŁĄCZENIEM HANDLU POJAZDAMI SAMOCHODOWYMI",2018,2070497.18,51985.74,23189.55,21812,19067,0.0251078535639445,0.87415184302219,127355.52,477276.36,0.0615096321937516,0.230512924436825,"0.011199991105517951",0.0550998729444716,0.0849828222802256,0.0748973835197437,-0.0225120678869623,0.00124273056358549,100,8.12625155485543,72.2812209063235,98.6048022354271,11.3174366597284,69.6833087859229,36.5462908009761,56.4285015919442,"Gwiazdy wzrostu",,,,,,,,,,,,,,,,,,,,,,,,
2,2,"LEŚNICTWO I POZYSKIWANIE DREWNA",2018,22026.56,1159.36,54.2,988,954,0.0526346374558715,0.965587044534413,123.76,3263.45,0.00561867127685848,0.148159767117516,"0.0024606656690831434",2.17860869538213,1.97682390322912,0.295811568984431,0.891478298797888,0.0151261263758753,2.79672311725927,46.4371016822578,83.3852114443291,94.8381455862211,15.5584436562246,61.4663665809649,48.6059516430335,56.3222006057924,"Gwiazdy wzrostu",,,,,,,,,,,,,,,,,,,,,,,,
88,88,"POMOC SPOŁECZNA BEZ ZAKWATEROWANIA",2018,918.6,39.9,2.36,120,74,0.0434356629653821,0.616666666666667,10.53,87.72,0.011463096015676,0.0954931417374265,"0.002569126932288265",0.543949483973886,0.681655291914222,2.08987330293282,0.126247880443606,0.0150776704508884,0.297261016535489,17.0940174579375,63.7562342502016,95.054162120636,50,48.7882637665327,53.644453873572,50.7307398093484,"Trudna teraźniejszość, dobra przyszłość",,,,,,,,,,,,,,,,,,,,,,,,
47,47,"HANDEL DETALICZNY, Z WYŁĄCZENIEM HANDLU DETALICZNEGO POJAZDAMI SAMOCHODOWYMI",2018,848179.79,26962.74,21129.03,14702,10103,0.0317889441812802,0.687185416950075,49986.16,195336.88,0.0589334485321797,0.230301266668945,"0.024911027413185592",0.00118450759229716,0.251236994151908,0.0309011987629462,-0.0381948960879652,0.0047014169674773,54.1841471064963,7.35072401660433,64.5183526590546,97.5071229786081,10.4728185244999,58.0562354837964,35.6464815083637,49.0923338936233,"Gwiazdy wzrostu",,,,,,,,,,,,,,,,,,,,,,,,
10,10,"PRODUKCJA ARTYKUŁÓW SPOŻYWCZYCH",2018,643860.56,22816.36,23742.06,6238,5340,0.0354368032730565,0.856043603719141,72835.94,166965.05,0.113123779471754,0.259318648124681,"0.03687453693389761",0.0533338802603447,0.05290411561287,0.0132007380061216,-0.0438408698944395,0.00270766121503928,29.8479211392503,8.06632140499246,73.8269154779645,97.6926156613359,10.1330133745816,55.7506781469901,35.7808864697311,47.7627614760865,"Gwiazdy wzrostu",,,,,,,,,,,,,,,,,,,,,,,,
45,46,"HANDEL HURTOWY I DETALICZNY POJAZDAMI SAMOCHODOWYMI; NAPRAWA POJAZDÓW SAMOCHODOWYCH",2018,487879.86,9623.92,7163.36,3670,3164,0.0197260038567692,0.862125340599455,37459.4,114893.12,0.076779967920791,0.235494697403578,"0.014682631088727456",0.160486005516607,0.174434682275205,0.10653472796858,-0.032148962059985,0.000181433437246808,20.1945082018523,10.0234712348269,70.402758479962,98.8322682440409,11.9247955709538,53.79513954228,37.4266400720419,47.2477397541847,"Gwiazdy wzrostu",,,,,,,,,,,,,,,,,,,,,,,,
23,23,"PRODUKCJA WYROBÓW Z POZOSTAŁYCH MINERALNYCH SUROWCÓW NIEMETALICZNYCH",2018,168103.87,12285.14,13926.93,2096,1758,0.0730806494817758,0.838740458015267,27996.44,61670.84,0.166542507320028,0.366861512468452,"0.08284717062135452",0.0876351603962702,0.123397203557433,0.134324850159792,-0.0382282921859636,0.00045871572730836,8.86419958877362,8.72190594984726,81.8948133543077,97.6135932899326,12.4582973123585,53.7110977307733,36.8839686968774,46.9802461172149,"Gwiazdy wzrostu",,,,,,,,,,,,,,,,,,,,,,,,
25,25,"PRODUKCJA METALOWYCH WYROBÓW GOTOWYCH, Z WYŁĄCZENIEM MASZYN I URZĄDZEŃ",2018,273721.39,14003.42,14045.52,7120,5897,0.0511593924026179,0.828230337078652,33388.01,100150.61,0.121978081435287,0.36588521635083,"0.051313198431441547",0.075159110128779,-0.0102158313103157,0.0525572230940197,-0.0126861661490983,0.00687876996397037,22.9313311871625,8.38410591251794,76.1672937403035,95.8186826174919,10.8885607300589,54.4697209358854,35.6162608510265,46.9283369019419,"Gwiazdy wzrostu",,,,,,,,,,,,,,,,,,,,,,,,
96,96,"POZOSTAŁA INDYWIDUALNA DZIAŁALNOŚĆ USŁUGOWA",2018,8058.81,828.66,505.31,420,282,0.102826595986256,0.671428571428571,1518.35,3292.78,0.188408710467178,0.408593824646567,"0.06270280599741153",0.13923725906969,0.0813315012938896,0.497375923358237,0.00970934508224186,0.00332059744759966,1.15738328975281,9.57186681379484,80.5880668239819,96.3730223313927,19.4279816641413,51.6833667668125,39.5546594092128,46.8318838237726,"Gwiazdy wzrostu",,,,,,,,,,,,,,,,,,,,,,,,
22,22,"PRODUKCJA WYROBÓW Z GUMY I TWORZYW SZTUCZNYCH",2018,275306.02,14296.4,16262.51,4023,3399,0.0519291223635429,0.844891871737509,36313.83,91232.88,0.131903508684627,0.331387159641478,"0.05907066616269415",0.0741465567273898,0.0266101883914405,0.0802484323105437,-0.0142497087596167,0.00666102148651666,15.8702949471507,8.40055344540069,77.1830308784108,95.9833157096983,11.4201635865332,53.3649497832925,35.883226181143,46.3722603424327,"Gwiazdy wzrostu",,,,,,,,,,,,,,,,,,,,,,,,
49,49,"TRANSPORT LĄDOWY ORAZ TRANSPORT RUROCIĄGOWY",2018,264962.52,9435.14,21178.38,7100,5452,0.0356093382565957,0.767887323943662,31135.35,95243.07,0.117508506486125,0.359458650982033,"0.07992971987132369",0.0653806530042604,0.045961545321298,0.0217859025360654,-0.0161318531938031,0.00301053987343327,22.6739687585194,8.26739716478378,69.4600448220451,97.1205009929811,10.2978273396105,53.1028045463055,35.7355003831737,46.1558828810527,"Gwiazdy wzrostu",,,,,,,,,,,,,,,,,,,,,,,,
17,17,"PRODUKCJA PAPIERU I WYROBÓW Z PAPIERU",2018,129004.91,11468.36,6935.29,1296,1070,0.0888986318427725,0.825617283950617,21414.55,44323.65,0.165997945349522,0.343581108657027,"0.05375989177466191",0.0807435922970092,0.136896606061048,0.00762421598670393,-0.00684953003244293,0.0081268649327608,6.08615411964733,8.61564396379426,84.9923334912112,95.2508620676005,10.0259579184065,53.194483807961,35.1703349767811,45.984824275489,"Gwiazdy wzrostu",,,,,,,,,,,,,,,,,,,,,,,,
62,62,"DZIAŁALNOŚĆ ZWIĄZANA Z OPROGRAMOWANIEM I DORADZTWEM W ZAKRESIE INFORMATYKI ORAZ DZIALALNOŚĆ POWIĄZANA",2018,115957.05,8150.46,2439.27,3537,2895,0.070288611171119,0.818490245971162,6339.9,26633.11,0.0546745540698043,0.229680817164631,"0.02103597840752244",0.102280790922786,0.140167094208625,0.0288502096440721,0.0850190618298141,0.0124138476954746,10.9081446047553,8.98955692102544,80.2197394182728,95.0511393745805,10.4334445966347,52.9992948181498,35.3855867273357,45.9538115818241,"Gwiazdy wzrostu",,,,,,,,,,,,,,,,,,,,,,,,
28,28,"PRODUKCJA MASZYN I URZĄDZEŃ, GDZIE INDZIEJ NIESKLASYFIKOWANA",2018,148236.49,7361.19,7273.49,2789,2307,0.0496584208112321,0.82717820007171,14810.28,47687.4,0.0999098130291671,0.321698118998905,"0.049066798599993834",0.062416889452968,0.0535081185256896,0.106246656480089,-0.00695367219027898,0.00322524286261389,9.97300151288941,8.22330054229429,75.7584995347269,97.3264746424706,11.9192653095285,52.1879927145744,36.4326386792409,45.885851100441,"Gwiazdy wzrostu",,,,,,,,,,,,,,,,,,,,,,,,
41,41,"ROBOTY BUDOWLANE ZWIĄZANE ZE WZNOSZENIEM BUDYNKÓW",2018,139384.3,7492.96,6249.05,3716,3230,0.0537575609304635,0.869214208826695,14012.07,63281.63,0.10052832349124,0.454008306530937,"0.044833241620469456",0.0328963532521696,-0.138046693254242,-0.00165237622324044,-0.0154753685813949,0.00537755180294583,11.8842089191988,7.53865347723907,78.8330444842068,96.0373615978637,9.84787024882904,52.7809747535603,35.0119526220625,45.6733659009612,"Gwiazdy wzrostu",,,,,,,,,,,,,,,,,,,,,,,,
12,12,"PRODUKCJA WYROBÓW TYTONIOWYCH",2018,30166.68,1104.56,2641.24,22,22,0.0366152324352564,1,6231.76,11548.98,0.206577588253,0.382838946811515,"0.08755487842878301",0.0764056578819992,0.389850125611062,0.126790144381986,0,0.00280108876351566,0.778919752509776,8.77369184716006,81.3043818682772,96.5460085152589,12.3136495621337,51.6391049339389,36.5213699335792,45.592010933795,"Gwiazdy wzrostu",,,,,,,,,,,,,,,,,,,,,,,,
69,69,"DZIAŁALNOŚĆ PRAWNICZA, RACHUNKOWO-KSIĘGOWA I DORADZTWO PODATKOWE",2018,22813.74,2239.2,448.56,1368,1136,0.0981513771963738,0.830409356725146,2591.24,7392.22,0.113582428834553,0.324024907796793,"0.019661835367633714",0.0882437688893685,0.136135877497066,0.0960355350752931,0.0734380612270207,0.0177389004033245,3.68681270053774,8.74410854282326,87.4276554999758,92.558202450192,11.7232369864549,52.5477642858649,35.0799880924865,45.5606538085135,"Gwiazdy wzrostu",,,,,,,,,,,,,,,,,,,,,,,,
42,42,"ROBOTY ZWIĄZANE Z BUDOWĄ OBIEKTÓW INŻYNIERII LĄDOWEJ I WODNEJ",2018,183520.75,8291.78,4736.61,4119,3588,0.0451817028864584,0.871085214857975,30387.47,91025.63,0.165580567864942,0.495996392778473,"0.02580967002368942",0.0380808039067939,0.0640389068951053,0.0122380905336441,-0.0414646351068603,0.00547097806125377,13.8738541585516,7.8138856218735,76.8915048393332,95.4269287871226,10.1145329195699,52.5791970831488,35.0180574905268,45.5547412461,"Gwiazdy wzrostu",,,,,,,,,,,,,,,,,,,,,,,,
19,19,"WYTWARZANIE I PRZETWARZANIE KOKSU I PRODUKTÓW RAFINACJI ROPY NAFTOWEJ",2018,335083.12,15041.52,3894.24,78,68,0.0448889218889928,0.871794871794872,22721.8,60793.01,0.0678094438179996,0.181426656168177,"0.0116217134423244",0.120442494457834,1.08626877222831,-0.0681361554963204,-0.0465804980055901,0.00872857478748803,8.27065229941508,10.1728795510371,76.8575094297292,96.3749794418059,8.57154581335854,52.3242215376164,35.3929760231963,45.5517233318483,"Gwiazdy wzrostu",,,,,,,,,,,,,,,,,,,,,,,,
81,81,"DZIAŁALNOŚĆ USŁUGOWA ZWIĄZANA Z UTRZYMANIEM PORZĄDKU W BUDYNKACH I ZAGOSPODAROWANIEM TERENÓW ZIELENI",2018,17448.75,806.21,335,1047,882,0.0462044559065836,0.842406876790831,926.02,4003.47,0.0530708503474461,0.229441650548034,"0.019199083028870263",0.121655334020202,0.0732538305453414,-0.00964188229134244,0.00063755197379356,0.00231398469834497,2.82142120165519,9.26164643942548,75.7002918588097,98.3154164083542,9.69449145578279,51.2993937373961,36.150915436647,45.2400024170965,"Gwiazdy wzrostu",,,,,,,,,,,,,,,,,,,,,,,,
31,31,"PRODUKCJA MEBLI",2018,121156.62,8550.57,4786.14,1965,1596,0.0705745175129514,0.812213740458015,11758.11,29604.36,0.0970488447102602,0.24434785321677,"0.03950374317144206",0.0537511282024337,0.123420765794382,-0.00402287476716001,-0.0214386885832667,0.0111727148815629,7.43018692715311,8.13839255929401,79.9737610121532,95.1296830684496,9.80236252876661,52.0529806988273,34.9013676998297,45.1923354992283,"Gwiazdy wzrostu",,,,,,,,,,,,,,,,,,,,,,,,
24,24,"PRODUKCJA METALI",2018,146216.77,5991.5,5695.69,763,583,0.0409768318640878,0.764089121887287,21164.04,50066.04,0.144744272493504,0.342409697601718,"0.038953739711252",0.0977087201239095,0.39594387475766,0.095140059291789,-0.0177028457943421,0.000322986970398966,5.27999518775601,9.14617042421555,70.54386525699,97.8982369583664,11.7060460620466,50.3479790453625,36.7957406395932,44.9270836830548,"Gwiazdy wzrostu",,,,,,,,,,,,,,,,,,,,,,,,
33,33,"NAPRAWA, KONSERWACJA I INSTALOWANIE MASZYN I URZĄDZEŃ",2018,65480.99,2801.87,2338.6,2190,1831,0.0427890598477512,0.836073059360731,6635.22,24005.55,0.101330477746289,0.366603345490042,"0.03571418208551825",-0.0168832091365514,-0.0692614016920883,0.130552981598767,-0.0203035325237766,0.00362400359045665,6.60145900822097,6.74466536871428,74.5731120371884,96.9885123903256,12.3858867474891,50.7462898702176,36.0743080267076,44.8774971328136,"Gwiazdy wzrostu",,,,,,,,,,,,,,,,,,,,,,,,
16,16,"PRODUKCJA WYROBÓW Z DREWNA ORAZ KORKA, Z WYŁĄCZENIEM MEBLI; PRODUKCJA WYROBÓW ZE SŁOMY I MATERIAŁÓW UŻYWANYCH DO WYPLATANIA",2018,85246.21,5343.84,6339.52,1872,1575,0.0626871270875268,0.841346153846154,20619.39,35799.27,0.241880430813288,0.419951455906368,"0.07436717714488422",0.0330837579238934,0.100457567871685,-0.00754714675244461,-0.037890777763762,0.00650109454922053,6.34980860238909,7.76133924451649,79.5586682184822,94.9750576030542,9.73470520691691,51.5924808671437,34.714801137038,44.8414089751014,"Stabilne, ale bez dynamiki",,,,,,,,,,,,,,,,,,,,,,,,
56,56,"DZIAŁALNOŚĆ USŁUGOWA ZWIĄZANA Z WYŻYWIENIEM",2018,22180.42,1053.66,1253.5,1087,854,0.0475040598870535,0.785648574057038,4942.4,7736.56,0.222827160170998,0.348801330182206,"0.056513808124462925",0.139324917297567,0.00435917510896711,0.104100151834163,0.012575979586734,0.00353152894289485,3.0273779494383,9.50255076472692,73.1707786314606,96.3649824158353,11.8780577193403,50.1833026636851,36.5114830419048,44.714574814973,"Gwiazdy wzrostu",,,,,,,,,,,,,,,,,,,,,,,,
91,91,"DZIAŁALNOŚĆ BIBLIOTEK, ARCHIWÓW, MUZEÓW ORAZ POZOSTAŁA DZIAŁALNOŚĆ ZWIĄZANA Z KULTURĄ",2018,1525.08,116.4,175.37,111,90,0.0763238649775749,0.810810810810811,545.86,906.51,0.357922207359614,0.594401605161696,"0.11499068901303539",0.182212117524317,0.245397389323247,0.291177239683651,0.0845957759913274,0.015476719149618,0.29127592882117,10.4629241898187,81.2679607169376,90.6030074565148,15.4694759742836,50.1718786494077,36.5075698836135,44.7061551430901,"Gwiazdy wzrostu",,,,,,,,,,,,,,,,,,,,,,,,
66,66,"DZIAŁALNOŚĆ WSPOMAGAJĄCA USŁUGI FINANSOWE ORAZ UBEZPIECZENIA I FUNDUSZE EMERYTALNE",2018,75617.81,3016.91,727.78,1076,870,0.0398968179586264,0.808550185873606,5458.44,15639.01,0.0721845819126473,0.206816489395818,"0.009624452228912738",0.00644633530050331,0.116650286417878,0.212032085931269,0.00093109923435275,0.00648033209286235,4.29261073980177,7.3175015589872,72.5106262660972,96.9592138792951,13.9500844055776,49.90331826802,36.8630483937157,44.6872103182983,"Gwiazdy wzrostu",,,,,,,,,,,,,,,,,,,,,,,,
8,8,"POZOSTAŁE GÓRNICTWO I WYDOBYWANIE",2018,21308.98,2206.26,1646.48,573,490,0.103536631035366,0.855148342059337,2083.27,6439.83,0.0977648859776489,0.302212025164977,"0.07726695505838384",0.0711236523609768,0.332930533619833,-0.0176534696580979,-0.0488986511313514,0.025337884329561,1.82808322424263,8.63035335394361,89.9425498878046,90.3033255942973,9.54068875631385,52.0998401335748,33.4963791869978,44.658455754944,"Stabilne, ale bez dynamiki",,,,,,,,,,,,,,,,,,,,,,,,
43,43,"ROBOTY BUDOWLANE SPECJALISTYCZNE",2018,101231.5,5777.88,1787.81,5001,4450,0.057075910166302,0.889822035592881,6685.01,30162.62,0.0660368561169201,0.297956861253661,"0.01766060959286388",0.0239947185819374,0.10149969601737,-0.12242813626669,-0.035339345511318,0.0205384610010673,13.9084912542591,7.60577093713197,80.6508951220954,92.0598463382289,7.52927381160163,52.4638186671274,32.9113947072489,44.642849083176,"Stabilne, ale bez dynamiki",,,,,,,,,,,,,,,,,,,,,,,,
29,29,"PRODUKCJA POJAZDÓW SAMOCHODOWYCH, PRZYCZEP I NACZEP, Z WYŁĄCZENIEM MOTOCYKLI",2018,414863.19,13453.73,19791.66,1231,929,0.0324293172407029,0.754670999187652,36919.87,129925.14,0.0889928797973134,0.313175868893068,"0.04770647403063164",0.0673464110081192,-0.0484574879519022,0.0209011393053926,0.0124908830290467,0.00631275213126568,12.8402849227058,8.21437138750469,68.0445951976265,96.435871108508,10.2808420697708,50.5635599633764,35.5074095767121,44.5410998087107,"Gwiazdy wzrostu",,,,,,,,,,,,,,,,,,,,,,,,
58,58,"DZIAŁALNOŚĆ WYDAWNICZA",2018,26545.53,2504.53,473.56,921,646,0.0943484646944326,0.701411509229099,1910.61,6908.42,0.0719748296605869,0.260247958884226,"0.017839538332819125",-0.0308523981366498,0.0122190270175171,-0.000745010115528855,-0.0344057620720205,0.009101735971442,2.75226558885513,6.57906824505177,80.0753147683827,95.8769417180849,9.86528943810878,50.9771313865551,34.6829187641845,44.4594463376069,"Stabilne, ale bez dynamiki",,,,,,,,,,,,,,,,,,,,,,,,
86,86,"OPIEKA ZDROWOTNA",2018,63204.77,1255.11,3671.85,3949,3160,0.0198578366790988,0.800202582932388,11456.05,23133.28,0.181252933916222,0.366005287259174,"0.05809450774047592",0.065837601286207,-0.0989455585213382,0.0646169463051274,-0.0131518510823814,0.00217982646305696,10.5786751700348,8.1419310492817,67.3379051223036,96.9742459165603,11.1200776442242,50.0779678518714,35.9828841474423,44.4399343700997,"Gwiazdy wzrostu",,,,,,,,,,,,,,,,,,,,,,,,
32,32,"POZOSTAŁA PRODUKCJA WYROBÓW",2018,27836.49,1454.68,1396.62,727,545,0.0522580253473049,0.749656121045392,4626.6,9531.85,0.166206299716667,0.342422841385534,"0.05017227387504675",0.0874624737724334,0.036499999190748,0.0912280462832364,-0.00499327430671526,0.00321965879943271,2.3387313754874,8.63897404108453,72.4992935111669,96.8355768688931,11.6309450697552,49.8029862238283,36.2947433008954,44.3996890546551,"Gwiazdy wzrostu",,,,,,,,,,,,,,,,,,,,,,,,
27,27,"PRODUKCJA URZĄDZEŃ ELEKTRYCZNYCH",2018,189963.81,5466.11,8028.4,1318,1049,0.0287744807813657,0.795902883156297,15605.63,67896.15,0.082150542253285,0.357416236282058,"0.04226278679081032",0.0527834207067646,-0.105494310829295,0.108955488175602,0.00614454742326887,0.00467133121874965,7.6086687028441,7.91109221390476,69.2388801546855,96.8079502047613,11.9712681908683,49.8516118941448,36.2042200019471,44.3926551372657,"Gwiazdy wzrostu",,,,,,,,,,,,,,,,,,,,,,,,
80,80,"DZIAŁALNOŚĆ DETEKTYWISTYCZNA I OCHRONIARSKA",2018,20806.48,507.4,226.6,858,700,0.0243866333949808,0.815850815850816,644.02,4485.71,0.0309528569945517,0.21559196942491,"0.010890837854360756",0.111272412452745,1.18179993980134,-0.0362582842014104,-0.017981438280545,0.00589219719028596,2.46925856218444,10.102859129293,69.1950207358814,97.3581530028286,9.18352224624691,49.5257675795791,35.9117125381353,44.0801455630016,"Gwiazdy wzrostu",,,,,,,,,,,,,,,,,,,,,,,,
78,78,"DZIAŁALNOŚĆ ZWIĄZANA Z ZATRUDNIENIEM",2018,26961.14,667.7,161.22,1088,840,0.0247652732785038,0.772058823529412,1400.72,5811.54,0.0519532927761957,0.215552458093389,"0.00597971747485455",0.111388085792763,0.117626502668836,0.0226573293976813,0.012564127887712,0.00229082306009836,3.14511886523958,9.12565792496612,67.0952740787017,98.3917693326388,10.3145565840874,49.2017875737565,36.3810508109164,44.0734928686205,"Trudna teraźniejszość, dobra przyszłość",,,,,,,,,,,,,,,,,,,,,,,,
15,15,"PRODUKCJA SKÓR I WYROBÓW ZE SKÓR WYPRAWIONYCH",2018,7753.66,570.08,335,286,194,0.0735239873814431,0.678321678321678,668.63,1789.05,0.0862341139539263,0.230736194261807,"0.043205402351921544",0.00129521093965357,-0.0747450139711817,0.0136583087031135,-0.0285872194580906,0.00434735877592271,0.842843921782714,7.0526799642536,73.9790804607107,97.4545295441827,10.1417976023724,49.6628677538524,35.4088818934798,43.9612734097034,"Gwiazdy wzrostu",,,,,,,,,,,,,,,,,,,,,,,,
11,11,"PRODUKCJA NAPOJÓW",2018,96033.4,5183.42,2668.4,372,269,0.0539751794688098,0.723118279569893,11443.48,32691.42,0.119161458409262,0.34041718818661,"0.02778616606305723",0.0061355076006997,-0.0175599540007219,-0.00848822293665652,-0.0230852173224039,0.00288125793938423,3.17183194571077,7.1886558214407,71.5798898859212,97.2373796258299,9.71663886738745,49.4977167037316,35.2144661811361,43.7844164946934,"Gwiazdy wzrostu",,,,,,,,,,,,,,,,,,,,,,,,
20,20,"PRODUKCJA CHEMIKALIÓW I WYROBÓW CHEMICZNYCH",2018,189228.5,10544.72,9771.64,1416,1159,0.0557247983258336,0.818502824858757,33521.99,69920.17,0.17715085201225,0.36950126434443,"0.05163936722005406",0.0202602928305125,-0.0527166703189884,-0.0197589861031283,0.000707213814226559,0.0164052216274687,7.81555883994772,7.39955705777021,76.7643096276368,92.4008347606398,9.50026803839649,50.3243288675332,33.7402247608816,43.6906872248726,"Stabilne, ale bez dynamiki",,,,,,,,,,,,,,,,,,,,,,,,
82,82,"DZIAŁALNOŚĆ ZWIĄZANA Z ADMINISTRACYJNĄ OBSŁUGĄ BIURA I POZOSTAŁA DZIAŁALNOŚĆ WSPOMAGAJĄCA PROWADZENIE DZIAŁALNOŚCI GOSPODARCZEJ",2018,29467.54,968.14,1163.68,950,681,0.0328544561235855,0.716842105263158,4711.14,18071.3,0.159875578348244,0.613261235922646,"0.03949023230306975",0.0862290980098466,-0.0158519845070978,0.185420611129828,0.0266199427635345,0.0010591788424252,2.88930576100258,8.56956202932283,66.2540378833937,96.3578249059584,13.4392097843639,48.1911086021672,36.8538999943299,43.6562251590323,"Trudna teraźniejszość, dobra przyszłość",,,,,,,,,,,,,,,,,,,,,,,,
18,18,"POLIGRAFIA I REPRODUKCJA ZAPISANYCH NOŚNIKÓW INFORMACJI",2018,35111.79,1797.62,2264.91,1055,824,0.0511970480570771,0.781042654028436,5015.29,12032.23,0.142837776142999,0.342683469000014,"0.06450568313378498",0.0390349405817123,-0.0490609053906137,0.0271687884007517,-0.0108200143828109,0.0102011426656266,3.26630076101657,7.72624915668949,73.8168454451055,94.7264017295508,10.4011654596387,49.4569543215173,34.8962614497275,43.6326771728014,"Stabilne, ale bez dynamiki",,,,,,,,,,,,,,,,,,,,,,,,
21,21,"PRODUKCJA PODSTAWOWYCH SUBSTANCJI FARMACEUTYCZNYCH ORAZ LEKÓW I POZOSTAŁYCH WYROBÓW FARMACEUTYCZNYCH",2018,29248.59,2416.4,1620.95,186,152,0.0826159483243466,0.817204301075269,4315.85,11983.94,0.147557540380579,0.409727101374801,"0.05541976553399669",-0.0497651671104638,0.153762274617188,0.117776222681101,-0.0515404432582642,0.0212437951856674,1.13268884023017,6.38360155138499,83.0807750997172,90.8406909456021,12.1406045178831,49.8448392145022,34.0235295562494,43.5163153512011,"Stabilne, ale bez dynamiki",,,,,,,,,,,,,,,,,,,,,,,,
14,14,"PRODUKCJA ODZIEŻY",2018,13178.5,1059.43,362.52,1144,753,0.0803907880259514,0.658216783216783,1304.73,3706.94,0.0990044390484501,0.281286944644686,"0.027508441780172248",0.00961449188543773,0.116316848653144,0.035382526104901,-0.0525246643734766,0.0133401593885086,2.94065450160381,7.37175526991633,74.6033585921699,94.2543823581739,10.5588489465429,49.3582240732945,34.7113808670442,43.4994867907944,"Branże ryzykowne / schyłkowe",,,,,,,,,,,,,,,,,,,,,,,,
52,52,"MAGAZYNOWANIE I DZIAŁALNOŚĆ USŁUGOWA WSPOMAGAJĄCA TRANSPORT",2018,143438.94,4148.39,32882.9,1940,1539,0.0289209471291408,0.793298969072165,51571.37,113882.58,0.359535353510002,0.793944656869327,"0.22924667457804696",0.101392055316039,0.266198065145208,0.0227868487428733,0.0302660086562661,0.00745697177662843,7.91097007247026,9.0902182268443,69.1434415780245,92.2838366723221,10.3170430357744,48.8257599674079,34.5390336840597,43.1110694540686,"Branże ryzykowne / schyłkowe",,,,,,,,,,,,,,,,,,,,,,,,
37,37,"ODPROWADZANIE I OCZYSZCZANIE ŚCIEKÓW",2018,16767.44,1032.96,4360.32,704,598,0.06160511085771,0.849431818181818,5561.74,9908.56,0.331698816277261,0.590940537136259,"0.2600468527097756",0.0356041004085685,-0.0811348219343345,-0.0964657268001893,0.014621951715327,0.0127663367049231,2.01870394847349,7.63765218390956,79.7061840844203,91.6498101643444,8.02768798071315,49.7346429060805,32.9973138967615,43.0397113023529,"Stabilne, ale bez dynamiki",,,,,,,,,,,,,,,,,,,,,,,,
68,68,"DZIAŁALNOŚĆ ZWIĄZANA Z OBSŁUGĄ RYNKU NIERUCHOMOŚCI",2018,93439.53,5535.52,7375.8,5069,4425,0.0592417363400693,0.872953245216019,47415.37,94924.41,0.507444440270622,1.01589134705622,"0.07893661280188374",0.0219792515824588,0.00176273099897495,-0.0473068830545762,-0.01250371559745,0.0212137963693463,13.8762021116715,7.47928908584038,80.3214159614285,85.96680485707,8.97141642362084,50.5154581412725,31.6223947523214,42.9582327856921,"Stabilne, ale bez dynamiki",,,,,,,,,,,,,,,,,,,,,,,,
30,30,"PRODUKCJA POZOSTAŁEGO SPRZĘTU TRANSPORTOWEGO",2018,52432.59,2236.38,2056.73,437,316,0.0426524800701243,0.723112128146453,8927.76,28445.4,0.170271199648921,0.542513730487088,"0.039226175933708404",0.0316624235808596,0.229190699265144,-0.0390051638921931,0.00774624204731289,0.00326785351784111,2.26792572494315,7.85531476010125,68.8926544767928,95.9001869997572,9.1307889373259,48.4106335541393,34.7789661028879,42.9579665736387,"Branże ryzykowne / schyłkowe",,,,,,,,,,,,,,,,,,,,,,,,
26,26,"PRODUKCJA KOMPUTERÓW, WYROBÓW ELEKTRONICZNYCH I OPTYCZNYCH",2018,89014.62,2052.44,2120.77,877,625,0.0230573359746972,0.712656784492588,5137.15,25463.75,0.0577113063000213,0.28606255916163,"0.023824962685904855",0.026573146040838,-0.116951508114498,0.0312688533857857,0.0132672506576692,0.00591997342776878,4.15995656574621,7.44916875572639,63.719870870906,96.8724412567824,10.4798765856401,47.6859835968421,35.4884336380087,42.8069636133087,"Trudna teraźniejszość, dobra przyszłość",,,,,,,,,,,,,,,,,,,,,,,,
13,13,"PRODUKCJA WYROBÓW TEKSTYLNYCH",2018,33185.88,1117.7,1532.9,947,697,0.0336799867895623,0.736008447729673,5239.58,11316.96,0.157885823729851,0.341017324235488,"0.04619133197612961",0.0779646114765327,-0.0589288876813828,0.162143539363145,-0.0110163866929865,0.0144117758731451,2.97222222147729,8.38759790600055,67.4082571718655,93.286676248241,12.9923474698738,47.5294110882343,35.699221234222,42.7973351466294,"Trudna teraźniejszość, dobra przyszłość",,,,,,,,,,,,,,,,,,,,,,,,
92,92,"DZIAŁALNOŚĆ ZWIĄZANA Z GRAMI LOSOWYMI I ZAKŁADAMI WZAJEMNYMI",2018,29252.74,727.28,262.56,38,20,0.0248619445563048,0.526315789473684,240,2061.5,0.00820435965998399,0.0704720309960708,"0.008975569468022483",0.157726456822866,0.0985651965584609,0.310196067492669,0.0589558960637233,0.00799842663164243,0.793526266581316,9.90613668254897,54.8310629078775,97.4662640275093,15.8345905169896,45.5828843591757,38.5455564198133,42.7679531834307,"Trudna teraźniejszość, dobra przyszłość",,,,,,,,,,,,,,,,,,,,,,,,
71,71,"DZIAŁALNOŚĆ W ZAKRESIE ARCHITEKTURY I INŻYNIERII; BADANIA I ANALIZY TECHNICZNE",2018,30122.89,1570.19,940.13,2203,1738,0.0521261406193098,0.788924194280527,3125.78,9773.82,0.103767599987916,0.324464883681479,"0.031209820837243704",0.0057239482730429,0.0734257939745002,-0.16769098834361,0.0114543314795623,0.0174461026535906,5.77740381379817,7.26528816836302,74.4314003297793,92.7097663707444,6.66033879081151,49.3925827985185,32.6566518780568,42.6982104303338,"Stabilne, ale bez dynamiki",,,,,,,,,,,,,,,,,,,,,,,,
38,38,"DZIAŁALNOŚĆ ZWIĄZANA ZE ZBIERANIEM, PRZETWARZANIEM I UNIESZKODLIWIANIEM ODPADÓW; ODZYSK SUROWCÓW",2018,55365.83,2190.84,3234.15,1941,1458,0.039570254794338,0.751159196290572,11168.13,23018.05,0.201715209543504,0.415744693071521,"0.058414187956723485",0.0533990538463787,-0.0253387896222811,-0.211967557273304,0.00206932819822958,0.00825139431344867,5.78640341845394,7.99544901960636,69.5635818693396,94.672359373822,5.8103379716396,48.9487462180739,33.1244777066844,42.6190388135181,"Branże ryzykowne / schyłkowe",,,,,,,,,,,,,,,,,,,,,,,,
63,63,"DZIAŁALNOŚĆ USŁUGOWA W ZAKRESIE INFORMACJI",2018,28810.83,2640,646.07,630,447,0.091632209138022,0.70952380952381,16180.3,21808.44,0.561604785422704,0.756952854187123,"0.022424553544621938",0.280170994123272,0.401141302736303,-0.0284614715814282,0.0285387585459931,0.0263705500497176,2.13990583962954,12.2932333803599,79.8363500400253,85.1375488518018,9.33320180078597,49.0016416785628,32.9625153899629,42.5859911631228,"Branże ryzykowne / schyłkowe",,,,,,,,,,,,,,,,,,,,,,,,
79,79,"DZIAŁALNOŚĆ ORGANIZATORÓW TURYSTYKI, POŚREDNIKÓW I AGENTÓW TURYSTYCZNYCH ORAZ POZOSTAŁA DZIAŁALNOŚĆ USŁUGOWA W ZAKRESIE REZERWACJI I DZIAŁALNOŚCI Z NIĄ ZWIĄZANE",2018,33120.18,281.26,74.21,243,190,0.00849210360571712,0.781893004115226,603.94,6293.01,0.0182348042794453,0.190005307942167,"0.002240627919292709",0.15252480575238,-0.139854885354754,-0.142437938955135,-0.0914397035839302,0.00895982990125887,1.35684507202895,9.59717534877463,63.7252862576216,96.5611760808546,7.14513499760153,47.5703372402612,34.7055594279294,42.4244261153285,"Branże ryzykowne / schyłkowe",,,,,,,,,,,,,,,,,,,,,,,,
1,1,"UPRAWY ROLNE, CHÓW I HODOWLA ZWIERZĄT, ŁOWIECTWO, WŁĄCZAJĄC DZIAŁALNOŚĆ USŁUGOWĄ",2018,46357.23,2256.78,2709.1,2439,1945,0.0486823738174175,0.797457974579746,12483.17,21941.55,0.269282051580735,0.473314518576714,"0.0584396436111476",-0.0315128961334532,-0.147472340656386,-0.101452714475435,-0.0451952817259524,0.0156745163986479,6.71043008161112,6.42075433028974,74.0408678888294,91.6158724134414,7.9319501285799,48.9422532951344,32.5837680745513,42.3988592069012,"Branże ryzykowne / schyłkowe",,,,,,,,,,,,,,,,,,,,,,,,
36,36,"POBÓR, UZDATNIANIE I DOSTARCZANIE WODY",2018,15150.24,737.06,3283.28,858,626,0.0486500543885773,0.72960372960373,5772.52,9261.86,0.381018386507409,0.611334209887104,"0.2167147187107267",0.0517195184424621,0.0465378772143081,-0.103403623966808,0.0227534971766474,0.00549861200361225,2.33266721459323,8.03266175636018,70.6404860932182,93.6022124618743,7.89449748249906,48.2154841438755,33.64826125847,42.3885949897133,"Branże ryzykowne / schyłkowe",,,,,,,,,,,,,,,,,,,,,,,,
55,55,"ZAKWATEROWANIE",2018,18032.74,1195.08,1511.51,1226,884,0.0662727904910734,0.721044045676998,12115.97,17660.1,0.671887355998035,0.979335364453766,"0.08382031793282661",0.117922188677589,0.121537837262339,-0.0835790543331269,0.00549763658083169,0.0166349418731957,3.24584844504503,9.24178420408171,74.394456972034,86.6133278560203,8.27508027912715,47.542228339844,32.0665657296815,41.351963295779,"Branże ryzykowne / schyłkowe",,,,,,,,,,,,,,,,,,,,,,,,
39,39,"DZIAŁALNOŚĆ ZWIĄZANA Z REKULTYWACJĄ I POZOSTAŁA DZIAŁALNOŚĆ USŁUGOWA ZWIĄZANA Z GOSPODARKĄ ODPADAMI",2018,1695.92,12.1,25.24,56,42,0.00713477050804283,0.75,385.02,636.1,0.227027218265013,0.375076654559177,"0.01488277748950422",0.194938309669358,-0.287410037656278,-0.0190595369636769,0.0121963239585541,0.01496269063291,0.169324119379696,10.1918289683077,61.8085347616022,92.5396789662813,9.5136957351642,45.7958594462378,34.6249306744424,41.3274879375196,"Branże ryzykowne / schyłkowe",,,,,,,,,,,,,,,,,,,,,,,,
51,51,"TRANSPORT LOTNICZY",2018,22556.45,2314.56,32.16,43,31,0.102611891498884,0.72093023255814,677.72,10373.46,0.0300455080475873,0.459888856624158,"0.0014257562692710953",0.208217329434213,0.158938205765384,-0.514628241714467,-0.00763388549216626,0.0388824428554386,0.643280551533234,10.8312189384917,83.0121995333972,85.6431244954554,0,49.2824480769155,28.9423030301841,41.146390058223,"Branże ryzykowne / schyłkowe",,,,,,,,,,,,,,,,,,,,,,,,
73,73,"REKLAMA, BADANIE RYNKU I OPINII PUBLICZNEJ",2018,61287.29,1189.89,663.14,1305,1034,0.0194149553683969,0.792337164750958,3757.6,18901.5,0.0613112441421378,0.308408154447684,"0.010820188003091669",0.0682034541634349,-0.0942927023116195,-0.0791261979812378,0.0470080376198809,0.0301801110869009,4.47148643255323,8.18695596894222,66.8395364727786,88.935664495413,8.36056412844643,46.3316197455648,32.4810117906851,40.7913765636129,"Branże ryzykowne / schyłkowe",,,,,,,,,,,,,,,,,,,,,,,,
72,72,"BADANIA NAUKOWE I PRACE ROZWOJOWE",2018,33615.21,516.24,177.75,940,639,0.01535733377837,0.679787234042553,2562.3,10504.71,0.0762244234083321,0.312498717098599,"0.005287784904511975",0.0735974062153235,-0.185802445644502,-0.32519427458788,0.0373817115655801,0.0105808866898513,2.96654380806347,8.19564592493999,60.2491479606092,95.1410111896582,3.63666451870429,46.2468105898975,32.4556629418612,40.7303515306829,"Branże ryzykowne / schyłkowe",,,,,,,,,,,,,,,,,,,,,,,,
35,35,"WYTWARZANIE I ZAOPATRYWANIE W ENERGIĘ ELEKTRYCZNĄ, GAZ, PARĘ WODNĄ, GORĄCĄ WODĘ I POWIETRZE DO UKŁADÓW KLIMATYZACYJNYCH",2018,534400.69,17145.97,48040.24,1047,672,0.0320844832741515,0.641833810888252,100250.79,351019.54,0.187594798951326,0.656847093517039,"0.08989554261241692",0.00837445286774741,0.795128758087023,-0.114879971354791,0.0035268005943272,0.0303517551135144,15.3051846424728,7.97500490144997,62.320905120941,86.559364787668,7.67417994397486,46.6028238703927,31.4299828843253,40.5336874759658,"Branże ryzykowne / schyłkowe",,,,,,,,,,,,,,,,,,,,,,,,
85,85,"EDUKACJA",2018,5139.53,306.45,161.13,913,591,0.0596260747578086,0.647316538882804,720.65,1677.49,0.140217101563762,0.326389767157697,"0.03135111576350367",0.0327098256054399,0.403190346614416,0.0568788113465761,0.0237181562280908,0.0384805924444338,2.21699807735948,8.03345744046638,69.1307858916314,85.7052854872653,10.9715245559288,45.4460460946759,32.510232700691,40.2717207370819,"Branże ryzykowne / schyłkowe",,,,,,,,,,,,,,,,,,,,,,,,
74,74,"POZOSTAŁA DZIAŁALNOŚĆ PROFESJONALNA, NAUKOWA I TECHNICZNA",2018,2463.96,164.68,164.25,336,113,0.0668355005763081,0.336309523809524,262.55,773.02,0.106556112923911,0.313730742382182,"0.06666098475624604",-0.198795496715026,-0.179123891045559,0.00238576789702738,0.0626585691826112,0.00599043117773874,0.829719879207881,3.51076704854162,55.2912645299105,96.4312622190918,9.92539264708922,43.7958305361822,33.9527658391257,39.8586046573596,"Branże ryzykowne / schyłkowe",,,,,,,,,,,,,,,,,,,,,,,,
61,61,"TELEKOMUNIKACJA",2018,81181.24,3145.23,9287.07,406,286,0.0387433106466469,0.704433497536946,53216.22,79989.87,0.655523616047254,0.985324565133521,"0.11439921341433071",0.0107099836060047,-0.0628244355614382,0.0558879167302442,-0.00163666413623864,0.0325592152701279,2.89110901358094,7.22578546215519,67.0310593409011,81.5554634836585,10.9525018254879,43.6090720485778,31.0153754139393,38.5715933947224,"Branże ryzykowne / schyłkowe",,,,,,,,,,,,,,,,,,,,,,,,
53,53,"DZIAŁALNOŚĆ POCZTOWA I KURIERSKA",2018,10783.66,117.26,295.6,50,18,0.0108738591535712,0.36,1024.7,4388.52,0.0950233965091629,0.406960160094068,"0.027411843474293516",0.0742506092047497,-0.0768079354052671,0.074618280611336,-0.0370716072229106,0.0148647510103528,0.375028140274313,8.30718577671522,43.1958374282634,93.2249267472343,11.3120785729002,40.9182394534698,34.984465186345,38.5447297466199,"Trudna teraźniejszość, dobra przyszłość",,,,,,,,,,,,,,,,,,,,,,,,
9,9,"DZIAŁALNOŚĆ USŁUGOWA WSPOMAGAJĄCA GÓRNICTWO I WYDOBYWANIE",2018,6696.84,135.17,293.38,130,94,0.0201841465527025,0.723076923076923,1164.14,2979.68,0.173834226291803,0.444938209663065,"0.04380872172547052",0.055164100155342,0.471858410707332,0.0655038234910601,0.010471965723432,0.0653970330597277,0.459721677975135,8.48333906972937,63.5590569401098,76.3012501715882,11.1371034967862,40.9929183895313,29.8902181711097,36.5518383021627,"Branże ryzykowne / schyłkowe",,,,,,,,,,,,,,,,,,,,,,,,
50,50,"TRANSPORT WODNY",2018,2130.84,171.98,26.68,46,26,0.0807099547596253,0.565217391304348,252.57,969.99,0.118530720279326,0.455214844849918,"0.012520883782921289",0.0444312450306426,-0.220676821112568,0.0117657852745596,0,0.0785358157558595,0.156903749228927,7.66127037502854,70.0291287076772,72.3564282252021,10.1054658245617,41.1609089880829,28.0474959098939,35.9155437568073,"Branże ryzykowne / schyłkowe",,,,,,,,,,,,,,,,,,,,,,,,
95,95,"NAPRAWA I KONSERWACJA KOMPUTERÓW I ARTYKUŁÓW UŻYTKU OSOBISTEGO I DOMOWEGO",2018,2668.59,5.65,24.35,168,62,0.00211722295294519,0.369047619047619,108.57,593.44,0.0406844063719043,0.22237960870722,"0.009124668832604483",-0.294673787341575,-0.676733445928495,-0.324815401677293,-0.0385002864617278,0.01584936152111,0.449552331698867,1.40172297267411,41.5702289590538,94.0615076021085,3.64393794327503,39.0513507299043,30.0965443497448,35.4694281778405,"Branże ryzykowne / schyłkowe",,,,,,,,,,,,,,,,,,,,,,,,
93,93,"DZIAŁALNOŚĆ SPORTOWA, ROZRYWKOWA I REKREACYJNA",2018,7087.94,-348.88,871.14,549,228,-0.0492216356233264,0.415300546448087,6088.23,9460.61,0.858956198839155,1.33474747246732,"0.12290453925964386",0.127213353312766,0.113650817638577,0.150622189997088,0.0372156967475055,0.0122512627822888,1.42964673890912,9.39453513055462,31.6999317199316,85.3065484291464,12.7711660044656,36.1515105891473,33.5187914696966,35.098422941367,"Branże ryzykowne / schyłkowe",,,,,,,,,,,,,,,,,,,,,,,,
5,5,"WYDOBYWANIE WĘGLA KAMIENNEGO I WĘGLA BRUNATNEGO (LIGNITU)",2018,30313.95,783.59,3563.89,36,10,0.0258491552569032,0.277777777777778,1536.98,13230.2,0.0507020695092523,0.436439329087763,"0.11756600509006579",0.0589393980335624,0.391134017272564,0.1179042591671,-0.126419535263701,0.0543684005239758,0.814568570887017,8.47407739483351,42.638431892552,80.6348463446898,12.1430625023343,37.1314949394307,31.5899021227907,34.9148578127747,"Branże ryzykowne / schyłkowe",,,,,,,,,,,,,,,,,,,,,,,,
70,70,"DZIAŁALNOŚĆ FIRM CENTRALNYCH (HEAD OFFICES); DORADZTWO ZWIĄZANE Z ZARZĄDZANIEM",2018,48191.5,3712.41,1536.08,1701,1359,0.0770345392859737,0.798941798941799,33250.69,63927.63,0.689970015459158,1.32653330981605,"0.0318745006899557",0.24463861589435,0.335963785807581,-0.0208316227835832,0.0803491170157138,0.103657322130537,5.06299615792276,11.6213385288486,80.8431563548953,56.9175773353156,9.47967606211874,41.2039961531152,24.3535451840967,34.4638157655078,"Branże ryzykowne / schyłkowe",,,,,,,,,,,,,,,,,,,,,,,,
59,59,"DZIAŁALNOŚĆ ZWIĄZANA Z PRODUKCJĄ FILMÓW, NAGRAŃ WIDEO, PROGRAMÓW TELEWIZYJNYCH, NAGRAŃ DŹWIĘKOWYCH I MUZYCZNYCH",2018,6650.68,490.85,308.82,147,66,0.0738044831505951,0.448979591836735,1398.34,2529.05,0.210255191950297,0.380269385987598,"0.046434349570269505",0.0321659030674777,0.201053344945241,-0.118931903889898,-0.00890915948179105,0.0784669972455576,0.497576344520456,7.83809501979152,62.5785390526045,72.1605888617739,7.59639284218884,39.3518504455353,27.0381623013452,34.4263751878592,"Branże ryzykowne / schyłkowe",,,,,,,,,,,,,,,,,,,,,,,,
77,77,"WYNAJEM I DZIERŻAWA",2018,35287.17,2423.88,31430.1,617,509,0.0686901216504469,0.824959481361426,125061.55,146727.21,3.54410824104058,4.15808946991215,"0.8906948332779309",0.14489774932404,0.226076153770803,0.0951126497108679,0.0116096606234777,0.00740793389653289,2.26650149923665,9.80253513692428,80.1638723863631,58.0339656301573,11.7055198657582,40.3550918697164,25.0331581764277,34.2263183924009,"Branże ryzykowne / schyłkowe",,,,,,,,,,,,,,,,,,,,,,,,
90,90,"DZIAŁALNOŚĆ TWÓRCZA ZWIĄZANA Z KULTURĄ I ROZRYWKĄ",2018,143.23,-13.65,9.9,18,12,-0.0953012637017385,0.666666666666667,6.27,299.59,0.0437757453047546,2.09167073937024,"0.06911959784961251",-0.200099023631735,-1.47654941373534,-0.0634102888372925,-0.182942059356756,0.0285801759319779,0.0447205218937316,2.29449942542865,33.3333333333333,81.5773331649799,8.66227078660227,33.3891022435632,28.6264580917635,31.4840445828433,"Branże ryzykowne / schyłkowe",,,,,,,,,,,,,,,,,,,,,,,,
60,60,"NADAWANIE PROGRAMÓW OGÓLNODOSTĘPNYCH I ABONAMENTOWYCH",2018,28599.4,-2412.52,2406.67,164,128,-0.0843556158520808,0.780487804878049,11622.06,19472.08,0.406374259599852,0.680856241739337,"0.08415106610628195",0.109420873606956,-0.875470222605741,0.147195126656423,-0.0119058936308243,0.0836988568086185,1.06658073231292,8.17798707472557,41.6218420419364,67.9470220002342,12.7053748486165,33.0473800256983,27.9196526619345,30.9962890801928,"Branże ryzykowne / schyłkowe",,,,,,,,,,,,,,,,,,,,,,,,
64,64,"FINANSOWA DZIAŁALNOŚĆ USŁUGOWA, Z WYŁĄCZENIEM UBEZPIECZEŃ I FUNDUSZÓW EMERYTALNYCH",2018,53009.63,6117.23,13137.82,889,594,0.115398466278674,0.668166479190101,293189.65,398622.06,5.53087523908392,7.51980460908707,"0.2478383644632117",0.0710547128687991,-0.135291287320395,0.812277018311456,0.0256318912036038,0.0291380299607293,3.31798744490253,8.1983344023655,83.4083239595051,24.0053643126752,25.4733053000669,30.7668713732507,19.850431734539,26.400295517766,"Branże ryzykowne / schyłkowe",,,,,,,,,,,,,,,,,,,,,,,,
75,75,"DZIAŁALNOŚĆ WETERYNARYJNA",2018,0,0,5.22,36,0,,0,0,0,,,"inf",-0.333333333333333,-0.333333333333333,0.522192563343078,0.0626585691826112,,0.0825233816247937,1.05192392602216,0,,19.9043998877327,0.2794856578305,8.27733713289974,3.4786262478582,"Branże ryzykowne / schyłkowe",,,,,,,,,,,,,,,,,,,,,,,,
94,94,"DZIAŁALNOŚĆ ORGANIZACJI CZŁONKOWSKICH",2018,0,0,0,12,0,,0,0,0,,,,-0.333333333333333,-0.333333333333333,,-0.126419535263701,,0.0275077938749312,1.05192392602216,0,,,0.268482540280527,0.315577177806649,0.287320395290976,"Branże ryzykowne / schyłkowe",,,,,,,,,,,,,,,,,,,,,,,,
6,6,"GÓRNICTWO ROPY NAFTOWEJ I GAZU ZIEMNEGO",2018,0,0,0,6,0,,0,0,0,,,,,,,-0.2062994740159,,0.0137538969374656,,0,,,0.00275077938749312,,0.00165046763249587,"Brak danych",,,,,,,,,,,,,,,,,,,,,,,,
7,7,"GÓRNICTWO RUD METALI",2018,0,0,0,6,0,,0,0,0,,,,,,,-0.0914397035839302,,0.0137538969374656,,0,,,0.00275077938749312,,0.00165046763249587,"Brak danych",,,,,,,,,,,,,,,,,,,,,,,,
65,65,"UBEZPIECZENIA, REASEKURACJA ORAZ FUNDUSZE EMERYTALNE, Z WYŁĄCZENIEM OBOWIĄZKOWEGO UBEZPIECZENIA SPOŁECZNEGO",2018,0,0,0,0,0,,,0,0,,,,,,,,,0,,,,,0,,0,"Brak danych",,,,,,,,,,,,,,,,,,,,,,,,
84,84,"ADMINISTRACJA PUBLICZNA I OBRONA NARODOWA; OBOWIĄZKOWE ZABEZPIECZENIA SPOŁECZNE",2018,0,0,0,0,0,,,0,0,,,,,,,,,0,,,,,0,,0,"Brak danych",,,,,,,,,,,,,,,,,,,,,,,,
97,97,"GOSPODARSTWA DOMOWE ZATRUDNIAJĄCE PRACOWNIKÓW",2018,0,0,0,0,0,,,0,0,,,,,,,,,0,,,,,0,,0,"Brak danych",,,,,,,,,,,,,,,,,,,,,,,,
98,98,"GOSPODARSTWA DOMOWE PRODUKUJĄCE WYROBY I ŚWIADCZĄCE USŁUGI NA WŁASNE POTRZEBY",2018,0,0,0,0,0,,,0,0,,,,,,,,,0,,,,,0,,0,"Brak danych",,,,,,,,,,,,,,,,,,,,,,,,
99,99,"ORGANIZACJE I ZESPOŁY EKSTERYTORIALNE",2018,0,0,0,0,0,,,0,0,,,,,,,,,0,,,,,0,,0,"Brak danych",,,,,,,,,,,,,,,,,,,,,,,,
