pkd_section;pkd_2025;pkd_name;year;revenue;net_profit;investments;firms;profitable_firms;profit_margin;profitable_share;bank_debt;total_liab;leverage_bank_to_rev;leverage_tot_to_rev;invest_intensity;cagr_revenue;cagr_net_profit;cagr_investments;cagr_firms;profit_margin_std_3y;size_index;growth_index;profit_index;risk_index;outlook_index;current_index;future_index;main_index;class;Pred1;Pred2;Pred3
87;87;POMOC SPOŁECZNA Z ZAKWATEROWANIEM;2018;345.01;26.79;18.12;78.0;58.0;0.0776499231906321;0.7435897435897436;120.6;171.39999999999998;0.3495550853598446;0.4967971942842236;0.0525202168053099;0.6890385179011909;52.862745098039234;0.3232761347939221;0.1167831650654578;0.0193012399647201;0.1871322339591071;67.60681336876324;78.22158697440591;89.85821664575644;16.085695518791887;63.45199152631105;53.67378721187266;59.540709800535694;Gwiazdy wzrostu;54.48986460764825;54.48986460764825;54.48986460764825
3;3;RYBACTWO;2018;578.3;50.6;40.22;105.0;75.0;0.0874978384921321;0.7142857142857143;133.18;287.92;0.2302956942763272;0.4978730762579975;0.0695486771571848;2.5700082021893405;3.1267295403517856;1.6264130679873787;0.0097093450822418;0.0377203877074142;0.2546584412170418;54.23568155921647;79.09334040288549;84.63940775560435;41.10270761985272;58.7750095054502;58.10360984238733;58.50644964022506;Gwiazdy wzrostu;63.89978833347697;63.89978833347697;63.89978833347697
46;46;HANDEL HURTOWY, Z WYŁĄCZENIEM HANDLU POJAZDAMI SAMOCHODOWYMI;2018;2070497.18;51985.740000000005;23189.55;21812.0;19067.0;0.0251078535639444;0.8741518430221896;127355.52;477276.36;0.0615096321937516;0.2305129244368254;0.0111999911055179;0.0550998729444716;0.0849828222802255;0.0748973835197437;-0.0225120678869622;0.0012427305635854;100.0;8.126251554855434;72.28122090632348;98.60480223542712;11.317436659728418;69.68330878592286;36.54629080097613;56.42850159194417;Gwiazdy wzrostu;107372.05021168958;107372.05021168958;107372.05021168958
2;2;LEŚNICTWO I POZYSKIWANIE DREWNA;2018;22026.56;1159.36;54.2;988.0;954.0;0.0526346374558714;0.9655870445344128;123.76;3263.4500000000003;0.0056186712768584;0.1481597671175163;0.0024606656690831;2.178608695382132;1.9768239032291168;0.2958115689844314;0.8914782987978884;0.0151261263758753;2.796723117259272;46.43710168225776;83.38521144432914;94.83814558622106;15.558443656224648;61.4663665809649;48.60595164303351;56.32220060579235;Gwiazdy wzrostu;1112.8057789649658;1112.8057789649658;1112.8057789649658
88;88;POMOC SPOŁECZNA BEZ ZAKWATEROWANIA;2018;918.6;39.9;2.3600000000000003;120.0;74.0;0.0434356629653821;0.6166666666666667;10.53;87.72;0.011463096015676;0.0954931417374265;0.0025691269322882;0.5439494839738859;0.6816552919142216;2.089873302932822;0.126247880443606;0.0150776704508884;0.2972610165354892;17.094017457937483;63.75623425020161;95.05416212063598;50.0;48.788263766532665;53.64445387357203;50.730739809348414;Trudna teraźniejszość, dobra przyszłość;67.7681086080557;67.7681086080557;67.7681086080557
47;47;HANDEL DETALICZNY, Z WYŁĄCZENIEM HANDLU DETALICZNEGO POJAZDAMI SAMOCHODOWYMI;2018;848179.79;26962.74;21129.03;14702.0;10103.0;0.0317889441812802;0.6871854169500748;49986.16;195336.88;0.0589334485321797;0.2303012666689452;0.0249110274131855;0.0011845075922971;0.2512369941519083;0.0309011987629461;-0.0381948960879652;0.0047014169674773;54.18414710649626;7.350724016604326;64.51835265905456;97.50712297860808;10.472818524499866;58.05623548379639;35.646481508363664;49.092333893623305;Gwiazdy wzrostu;44877.793031984715;44877.793031984715;44877.793031984715
10;10;PRODUKCJA ARTYKUŁÓW SPOŻYWCZYCH;2018;643860.56;22816.36;23742.06;6238.0;5340.0;0.0354368032730565;0.8560436037191408;72835.94;166965.05;0.1131237794717539;0.2593186481246808;0.0368745369338976;0.0533338802603446;0.05290411561287;0.0132007380061216;-0.0438408698944394;0.0027076612150392;29.847921139250325;8.066321404992461;73.82691547796448;97.69261566133584;10.1330133745816;55.750678146990055;35.78088646973113;47.76276147608648;Gwiazdy wzrostu;36235.78644056045;36235.78644056045;36235.78644056045
45;46;"HANDEL HURTOWY I DETALICZNY POJAZDAMI SAMOCHODOWYMI; NAPRAWA POJAZDÓW SAMOCHODOWYCH";2018;487879.86;9623.92;7163.36;3670.0;3164.0;0.0197260038567691;0.862125340599455;37459.4;114893.12;0.0767799679207909;0.2354946974035779;0.0146826310887274;0.1604860055166068;0.1744346822752049;0.1065347279685795;-0.0321489620599849;0.0001814334372468;20.19450820185226;10.023471234826944;70.402758479962;98.83226824404088;11.924795570953798;53.79513954227996;37.42664007204186;47.24773975418472;Gwiazdy wzrostu;25548.033764533615;25548.033764533615;25548.033764533615
23;23;PRODUKCJA WYROBÓW Z POZOSTAŁYCH MINERALNYCH SUROWCÓW NIEMETALICZNYCH;2018;168103.87;12285.14;13926.93;2096.0;1758.0;0.0730806494817757;0.8387404580152672;27996.44;61670.84;0.1665425073200278;0.3668615124684518;0.0828471706213545;0.0876351603962701;0.1233972035574326;0.1343248501597922;-0.0382282921859635;0.0004587157273083;8.864199588773616;8.72190594984726;81.89481335430773;97.61359328993262;12.458297312358528;53.71109773077325;36.883968696877375;46.9802461172149;Gwiazdy wzrostu;11084.04628984071;11084.04628984071;11084.04628984071
25;25;PRODUKCJA METALOWYCH WYROBÓW GOTOWYCH, Z WYŁĄCZENIEM MASZYN I URZĄDZEŃ;2018;273721.39;14003.42;14045.52;7120.0;5897.0;0.0511593924026178;0.8282303370786517;33388.009999999995;100150.61;0.1219780814352871;0.3658852163508302;0.0513131984314415;0.0751591101287789;-0.0102158313103156;0.0525572230940196;-0.0126861661490983;0.0068787699639703;22.931331187162524;8.384105912517942;76.16729374030348;95.81868261749187;10.888560730058938;54.46972093588542;35.61626085102652;46.92833690194186;Gwiazdy wzrostu;17256.99062366561;17256.99062366561;17256.99062366561
96;96;POZOSTAŁA INDYWIDUALNA DZIAŁALNOŚĆ USŁUGOWA;2018;8058.809999999999;828.6600000000001;505.31;420.0;282.0;0.102826595986256;0.6714285714285714;1518.35;3292.78;0.1884087104671781;0.4085938246465669;0.0627028059974115;0.1392372590696902;0.0813315012938895;0.4973759233582371;0.0097093450822418;0.0033205974475996;1.1573832897528136;9.571866813794845;80.58806682398188;96.37302233139268;19.42798166414129;51.68336676681254;39.554659409212775;46.83188382377264;Gwiazdy wzrostu;592.2473570089948;592.2473570089948;592.2473570089948
22;22;PRODUKCJA WYROBÓW Z GUMY I TWORZYW SZTUCZNYCH;2018;275306.02;14296.4;16262.51;4023.0;3399.0;0.0519291223635429;0.8448918717375093;36313.83;91232.88;0.1319035086846266;0.3313871596414782;0.0590706661626941;0.0741465567273897;0.0266101883914404;0.0802484323105436;-0.0142497087596167;0.0066610214865166;15.870294947150692;8.40055344540069;77.18303087841076;95.98331570969832;11.42016358653323;53.3649497832925;35.883226181142994;46.372260342432696;Gwiazdy wzrostu;16968.359158975018;16968.359158975018;16968.359158975018
49;49;TRANSPORT LĄDOWY ORAZ TRANSPORT RUROCIĄGOWY;2018;264962.52;9435.14;21178.38;7100.0;5452.0;0.0356093382565956;0.767887323943662;31135.35;95243.07;0.1175085064861249;0.3594586509820332;0.0799297198713236;0.0653806530042604;0.045961545321298;0.0217859025360653;-0.016131853193803;0.0030105398734332;22.673968758519447;8.267397164783784;69.46004482204512;97.12050099298114;10.29782733961049;53.10280454630546;35.73550038317367;46.15588288105274;Gwiazdy wzrostu;16727.023017089792;16727.023017089792;16727.023017089792
17;17;PRODUKCJA PAPIERU I WYROBÓW Z PAPIERU;2018;129004.91;11468.36;6935.29;1296.0;1070.0;0.0888986318427725;0.8256172839506173;21414.55;44323.65;0.1659979453495219;0.343581108657027;0.0537598917746619;0.0807435922970092;0.1368966060610477;0.0076242159867039;-0.0068495300324429;0.0081268649327608;6.086154119647325;8.615643963794263;84.99233349121118;95.25086206760054;10.025957918406531;53.194483807960985;35.17033497678105;45.98482427548901;Gwiazdy wzrostu;8301.607698729085;8301.607698729085;8301.607698729085
62;62;DZIAŁALNOŚĆ ZWIĄZANA Z OPROGRAMOWANIEM I DORADZTWEM W ZAKRESIE INFORMATYKI ORAZ DZIALALNOŚĆ POWIĄZANA;2018;115957.05;8150.46;2439.27;3537.0;2895.0;0.0702886111711189;0.818490245971162;6339.9;26633.11;0.0546745540698042;0.2296808171646312;0.0210359784075224;0.1022807909227858;0.1401670942086246;0.0288502096440721;0.0850190618298141;0.0124138476954746;10.9081446047553;8.98955692102544;80.21973941827275;95.0511393745805;10.433444596634684;52.99929481814976;35.38558672733566;45.95381158182411;Gwiazdy wzrostu;6398.897684910456;6398.897684910456;6398.897684910456
28;28;PRODUKCJA MASZYN I URZĄDZEŃ, GDZIE INDZIEJ NIESKLASYFIKOWANA;2018;148236.49;7361.19;7273.49;2789.0;2307.0;0.0496584208112321;0.8271782000717103;14810.28;47687.4;0.0999098130291671;0.3216981189989051;0.0490667985999938;0.0624168894529679;0.0535081185256895;0.1062466564800888;-0.0069536721902789;0.0032252428626138;9.973001512889413;8.22330054229429;75.75849953472692;97.3264746424706;11.919265309528482;52.18799271457437;36.43263867924086;45.88585110044096;Gwiazdy wzrostu;8877.47065875086;8877.47065875086;8877.47065875086
41;41;ROBOTY BUDOWLANE ZWIĄZANE ZE WZNOSZENIEM BUDYNKÓW;2018;139384.3;7492.96;6249.05;3716.0;3230.0;0.0537575609304634;0.8692142088266954;14012.07;63281.630000000005;0.1005283234912396;0.4540083065309365;0.0448332416204694;0.0328963532521695;-0.1380466932542415;-0.0016523762232404;-0.0154753685813948;0.0053775518029458;11.884208919198766;7.538653477239066;78.8330444842068;96.03736159786374;9.847870248829038;52.78097475356034;35.01195262206245;45.67336590096119;Gwiazdy wzrostu;9143.898057969667;9143.898057969667;9143.898057969667
12;12;PRODUKCJA WYROBÓW TYTONIOWYCH;2018;30166.68;1104.56;2641.24;22.0;22.0;0.0366152324352563;1.0;6231.76;11548.98;0.2065775882529996;0.3828389468115152;0.087554878428783;0.0764056578819991;0.3898501256110622;0.1267901443819863;0.0;0.0028010887635156;0.7789197525097757;8.773691847160055;81.30438186827723;96.5460085152589;12.313649562133708;51.63910493393895;36.521369933579166;45.59201093379503;Gwiazdy wzrostu;2001.9771753875164;2001.9771753875164;2001.9771753875164
69;69;DZIAŁALNOŚĆ PRAWNICZA, RACHUNKOWO-KSIĘGOWA I DORADZTWO PODATKOWE;2018;22813.74;2239.2;448.56;1368.0;1136.0;0.0981513771963737;0.8304093567251462;2591.24;7392.219999999999;0.1135824288345531;0.3240249077967926;0.0196618353676337;0.0882437688893684;0.1361358774970662;0.096035535075293;0.0734380612270206;0.0177389004033244;3.686812700537737;8.744108542823257;87.42765549997576;92.55820245019196;11.72323698645489;52.547764285864886;35.07998809248652;45.56065380851354;Gwiazdy wzrostu;1477.7125073310517;1477.7125073310517;1477.7125073310517
42;42;ROBOTY ZWIĄZANE Z BUDOWĄ OBIEKTÓW INŻYNIERII LĄDOWEJ I WODNEJ;2018;183520.75;8291.78;4736.61;4119.0;3588.0;0.0451817028864583;0.8710852148579752;30387.47;91025.63;0.1655805678649417;0.4959963927784732;0.0258096700236894;0.0380808039067939;0.0640389068951052;0.0122380905336441;-0.0414646351068602;0.0054709780612537;13.873854158551564;7.813885621873503;76.89150483933318;95.4269287871226;10.114532919569854;52.57919708314877;35.01805749052677;45.55474124609997;Gwiazdy wzrostu;12540.255383792031;12540.255383792031;12540.255383792031
19;19;WYTWARZANIE I PRZETWARZANIE KOKSU I PRODUKTÓW RAFINACJI ROPY NAFTOWEJ;2018;335083.12;15041.52;3894.24;78.0;68.0;0.0448889218889928;0.8717948717948718;22721.800000000003;60793.01;0.0678094438179995;0.181426656168177;0.0116217134423244;0.1204424944578335;1.0862687722283066;-0.0681361554963203;-0.04658049800559;0.008728574787488;8.270652299415076;10.172879551037123;76.85750942972919;96.37497944180588;8.571545813358538;52.32422153761636;35.39297602319632;45.55172333184834;Gwiazdy wzrostu;16846.458962649664;16846.458962649664;16846.458962649664
81;81;DZIAŁALNOŚĆ USŁUGOWA ZWIĄZANA Z UTRZYMANIEM PORZĄDKU W BUDYNKACH I ZAGOSPODAROWANIEM TERENÓW ZIELENI;2018;17448.75;806.21;335.0;1047.0;882.0;0.0462044559065835;0.8424068767908309;926.02;4003.47;0.053070850347446;0.2294416505480335;0.0191990830288702;0.1216553340202022;0.0732538305453414;-0.0096418822913424;0.0006375519737935;0.0023139846983449;2.8214212016551947;9.261646439425482;75.70029185880972;98.31541640835422;9.694491455782789;51.2993937373961;36.15091543664703;45.24000241709647;Gwiazdy wzrostu;995.9643122412939;995.9643122412939;995.9643122412939
31;31;PRODUKCJA MEBLI;2018;121156.62;8550.57;4786.14;1965.0;1596.0;0.0705745175129514;0.8122137404580153;11758.11;29604.36;0.0970488447102601;0.2443478532167702;0.039503743171442;0.0537511282024336;0.1234207657943822;-0.00402287476716;-0.0214386885832666;0.0111727148815629;7.430186927153105;8.138392559294005;79.97376101215318;95.12968306844958;9.802362528766608;52.05298069882728;34.90136769982972;45.19233549922826;Gwiazdy wzrostu;6914.140588701501;6914.140588701501;6914.140588701501
24;24;PRODUKCJA METALI;2018;146216.77;5991.5;5695.69;763.0;583.0;0.0409768318640878;0.7640891218872871;21164.04;50066.04;0.144744272493504;0.3424096976017183;0.038953739711252;0.0977087201239095;0.3959438747576602;0.095140059291789;-0.0177028457943421;0.0003229869703989;5.279995187756009;9.146170424215551;70.54386525699002;97.8982369583664;11.70604606204664;50.347979045362514;36.79574063959324;44.9270836830548;Gwiazdy wzrostu;8877.37156230897;8877.37156230897;8877.37156230897
33;33;NAPRAWA, KONSERWACJA I INSTALOWANIE MASZYN I URZĄDZEŃ;2018;65480.990000000005;2801.87;2338.6;2190.0;1831.0;0.0427890598477512;0.8360730593607306;6635.22;24005.550000000003;0.1013304777462894;0.3666033454900422;0.0357141820855182;-0.0168832091365513;-0.0692614016920882;0.1305529815987671;-0.0203035325237765;0.0036240035904566;6.601459008220971;6.744665368714282;74.5731120371884;96.98851239032562;12.38588674748908;50.74628987021755;36.0743080267076;44.87749713281357;Gwiazdy wzrostu;4062.875172015971;4062.875172015971;4062.875172015971
16;16;"PRODUKCJA WYROBÓW Z DREWNA ORAZ KORKA, Z WYŁĄCZENIEM MEBLI; PRODUKCJA WYROBÓW ZE SŁOMY I MATERIAŁÓW UŻYWANYCH DO WYPLATANIA";2018;85246.20999999999;5343.84;6339.52;1872.0;1575.0;0.0626871270875268;0.8413461538461539;20619.39;35799.270000000004;0.2418804308132877;0.4199514559063682;0.0743671771448842;0.0330837579238934;0.100457567871685;-0.0075471467524446;-0.037890777763762;0.0065010945492205;6.349808602389092;7.761339244516488;79.55866821848215;94.97505760305415;9.734705206916912;51.59248086714372;34.71480113703796;44.841408975101416;Stabilne, ale bez dynamiki;6042.832757604622;6042.832757604622;6042.832757604622
56;56;DZIAŁALNOŚĆ USŁUGOWA ZWIĄZANA Z WYŻYWIENIEM;2018;22180.42;1053.66;1253.5;1087.0;854.0;0.0475040598870535;0.7856485740570377;4942.4;7736.559999999999;0.2228271601709976;0.3488013301822057;0.0565138081244629;0.1393249172975672;0.0043591751089671;0.1041001518341633;0.0125759795867339;0.0035315289428948;3.027377949438298;9.50255076472692;73.17077863146062;96.36498241583531;11.878057719340314;50.18330266368514;36.5114830419048;44.714574814973005;Gwiazdy wzrostu;1519.30398922583;1519.30398922583;1519.30398922583
91;91;DZIAŁALNOŚĆ BIBLIOTEK, ARCHIWÓW, MUZEÓW ORAZ POZOSTAŁA DZIAŁALNOŚĆ ZWIĄZANA Z KULTURĄ;2018;1525.08;116.4;175.37;111.0;90.0;0.0763238649775749;0.8108108108108109;545.86;906.51;0.3579222073596139;0.5944016051616964;0.1149906890130353;0.1822121175243172;0.2453973893232466;0.2911772396836505;0.0845957759913274;0.015476719149618;0.2912759288211704;10.462924189818748;81.26796071693758;90.60300745651476;15.469475974283638;50.17187864940775;36.50756988361351;44.70615514309005;Gwiazdy wzrostu;151.52951543147663;151.52951543147663;151.52951543147663
66;66;DZIAŁALNOŚĆ WSPOMAGAJĄCA USŁUGI FINANSOWE ORAZ UBEZPIECZENIA I FUNDUSZE EMERYTALNE;2018;75617.81;3016.91;727.78;1076.0;870.0;0.0398968179586264;0.8085501858736059;5458.44;15639.01;0.0721845819126472;0.2068164893958182;0.0096244522289127;0.0064463353005033;0.116650286417878;0.2120320859312692;0.0009310992343527;0.0064803320928623;4.292610739801773;7.317501558987198;72.51062626609723;96.95921387929508;13.950084405577554;49.90331826801999;36.8630483937157;44.68721031829827;Gwiazdy wzrostu;3954.6625390837626;3954.6625390837626;3954.6625390837626
8;8;POZOSTAŁE GÓRNICTWO I WYDOBYWANIE;2018;21308.98;2206.26;1646.48;573.0;490.0;0.1035366310353663;0.8551483420593369;2083.27;6439.83;0.0977648859776488;0.3022120251649774;0.0772669550583838;0.0711236523609768;0.3329305336198325;-0.0176534696580978;-0.0488986511313513;0.025337884329561;1.8280832242426288;8.63035335394361;89.94254988780462;90.30332559429732;9.540688756313848;52.09984013357477;33.496379186997814;44.65845575494399;Stabilne, ale bez dynamiki;1348.1330764971535;1348.1330764971535;1348.1330764971535
43;43;ROBOTY BUDOWLANE SPECJALISTYCZNE;2018;101231.5;5777.88;1787.81;5001.0;4450.0;0.0570759101663019;0.8898220355928814;6685.01;30162.62;0.0660368561169201;0.2979568612536611;0.0176606095928638;0.0239947185819373;0.1014996960173695;-0.12242813626669;-0.035339345511318;0.0205384610010673;13.908491254259118;7.60577093713197;80.6508951220954;92.05984633822894;7.529273811601632;52.46381866712735;32.911394707248924;44.64284908317598;Stabilne, ale bez dynamiki;5979.625627250163;5979.625627250163;5979.625627250163
29;29;PRODUKCJA POJAZDÓW SAMOCHODOWYCH, PRZYCZEP I NACZEP, Z WYŁĄCZENIEM MOTOCYKLI;2018;414863.19;13453.73;19791.66;1231.0;929.0;0.0324293172407028;0.7546709991876523;36919.87;129925.14;0.0889928797973134;0.3131758688930681;0.0477064740306316;0.0673464110081192;-0.0484574879519021;0.0209011393053926;0.0124908830290466;0.0063127521312656;12.840284922705848;8.21437138750469;68.04459519762653;96.435871108508;10.280842069770832;50.56355996337638;35.507409576712135;44.54109980871068;Gwiazdy wzrostu;23748.260480902412;23748.260480902412;23748.260480902412
58;58;DZIAŁALNOŚĆ WYDAWNICZA;2018;26545.53;2504.53;473.56;921.0;646.0;0.0943484646944325;0.7014115092290988;1910.61;6908.42;0.0719748296605869;0.2602479588842264;0.0178395383328191;-0.0308523981366497;0.012219027017517;-0.0007450101155288;-0.0344057620720205;0.009101735971442;2.752265588855134;6.579068245051774;80.07531476838273;95.87694171808488;9.865289438108777;50.97713138655512;34.68291876418451;44.45944633760687;Stabilne, ale bez dynamiki;1550.2907719154878;1550.2907719154878;1550.2907719154878
86;86;OPIEKA ZDROWOTNA;2018;63204.77;1255.11;3671.85;3949.0;3160.0;0.0198578366790987;0.800202582932388;11456.05;23133.28;0.1812529339162218;0.3660052872591736;0.0580945077404759;0.0658376012862069;-0.0989455585213382;0.0646169463051273;-0.0131518510823813;0.0021798264630569;10.57867517003477;8.141931049281702;67.33790512230355;96.9742459165603;11.120077644224196;50.07796785187136;35.98288414744228;44.43993437009973;Gwiazdy wzrostu;4241.681524500565;4241.681524500565;4241.681524500565
32;32;POZOSTAŁA PRODUKCJA WYROBÓW;2018;27836.49;1454.6799999999998;1396.62;727.0;545.0;0.0522580253473049;0.749656121045392;4626.6;9531.85;0.1662062997166669;0.3424228413855338;0.0501722738750467;0.0874624737724334;0.0364999991907479;0.0912280462832364;-0.0049932743067152;0.0032196587994327;2.338731375487403;8.63897404108453;72.4992935111669;96.83557686889306;11.630945069755189;49.802986223828256;36.29474330089535;44.39968905465509;Gwiazdy wzrostu;1786.9944378021623;1786.9944378021623;1786.9944378021623
27;27;PRODUKCJA URZĄDZEŃ ELEKTRYCZNYCH;2018;189963.81;5466.11;8028.400000000001;1318.0;1049.0;0.0287744807813656;0.7959028831562974;15605.63;67896.15;0.0821505422532849;0.3574162362820581;0.0422627867908103;0.0527834207067645;-0.1054943108292945;0.1089554881756016;0.0061445474232688;0.0046713312187496;7.608668702844096;7.911092213904759;69.23888015468553;96.80795020476126;11.97126819086829;49.85161189414477;36.20422000194712;44.392655137265706;Gwiazdy wzrostu;11140.848740721889;11140.848740721889;11140.848740721889
80;80;DZIAŁALNOŚĆ DETEKTYWISTYCZNA I OCHRONIARSKA;2018;20806.48;507.4;226.6;858.0;700.0;0.0243866333949807;0.8158508158508159;644.02;4485.71;0.0309528569945517;0.2155919694249099;0.0108908378543607;0.1112724124527448;1.1817999398013443;-0.0362582842014104;-0.0179814382805449;0.0058921971902859;2.4692585621844443;10.102859129293003;69.19502073588143;97.35815300282864;9.183522246246907;49.52576757957908;35.91171253813525;44.08014556300155;Gwiazdy wzrostu;1102.473026605178;1102.473026605178;1102.473026605178
78;78;DZIAŁALNOŚĆ ZWIĄZANA Z ZATRUDNIENIEM;2018;26961.14;667.7;161.22;1088.0;840.0;0.0247652732785038;0.7720588235294118;1400.7199999999998;5811.54;0.0519532927761956;0.2155524580933892;0.0059797174748545;0.1113880857927631;0.1176265026688356;0.0226573293976812;0.0125641278877119;0.0022908230600983;3.145118865239581;9.12565792496612;67.09527407870165;98.3917693326388;10.314556584087365;49.20178757375649;36.38105081091642;44.07349286862046;Trudna teraźniejszość, dobra przyszłość;1436.9735404463183;1436.9735404463183;1436.9735404463183
15;15;PRODUKCJA SKÓR I WYROBÓW ZE SKÓR WYPRAWIONYCH;2018;7753.66;570.08;335.0;286.0;194.0;0.0735239873814431;0.6783216783216783;668.63;1789.0500000000002;0.0862341139539262;0.2307361942618067;0.0432054023519215;0.0012952109396535;-0.0747450139711817;0.0136583087031134;-0.0285872194580906;0.0043473587759227;0.8428439217827135;7.052679964253595;73.97908046071073;97.45452954418266;10.14179760237237;49.66286775385242;35.40888189347982;43.96127340970338;Gwiazdy wzrostu;457.76887196776505;457.76887196776505;457.76887196776505
11;11;PRODUKCJA NAPOJÓW;2018;96033.4;5183.42;2668.4;372.0;269.0;0.0539751794688098;0.7231182795698925;11443.48;32691.42;0.1191614584092617;0.3404171881866101;0.0277861660630572;0.0061355076006996;-0.0175599540007218;-0.0084882229366565;-0.0230852173224038;0.0028812579393842;3.171831945710768;7.188655821440704;71.57988988592115;97.23737962582985;9.716638867387454;49.49771670373157;35.214466181136146;43.7844164946934;Gwiazdy wzrostu;5729.151958487467;5729.151958487467;5729.151958487467
20;20;PRODUKCJA CHEMIKALIÓW I WYROBÓW CHEMICZNYCH;2018;189228.5;10544.72;9771.64;1416.0;1159.0;0.0557247983258335;0.818502824858757;33521.990000000005;69920.17000000001;0.1771508520122497;0.3695012643444302;0.051639367220054;0.0202602928305124;-0.0527166703189884;-0.0197589861031283;0.0007072138142265;0.0164052216274687;7.815558839947723;7.399557057770205;76.76430962763675;92.40083476063978;9.500268038396486;50.32432886753322;33.74022476088159;43.69068722487256;Stabilne, ale bez dynamiki;12149.284711466596;12149.284711466596;12149.284711466596
82;82;DZIAŁALNOŚĆ ZWIĄZANA Z ADMINISTRACYJNĄ OBSŁUGĄ BIURA I POZOSTAŁA DZIAŁALNOŚĆ WSPOMAGAJĄCA PROWADZENIE DZIAŁALNOŚCI GOSPODARCZEJ;2018;29467.54;968.14;1163.68;950.0;681.0;0.0328544561235854;0.716842105263158;4711.14;18071.3;0.1598755783482435;0.6132612359226457;0.0394902323030697;0.0862290980098465;-0.0158519845070977;0.1854206111298282;0.0266199427635345;0.0010591788424252;2.8893057610025767;8.569562029322828;66.25403788339374;96.35782490595842;13.439209784363904;48.191108602167176;36.853899994329936;43.65622515903228;Trudna teraźniejszość, dobra przyszłość;2171.2000288236436;2171.2000288236436;2171.2000288236436
18;18;POLIGRAFIA I REPRODUKCJA ZAPISANYCH NOŚNIKÓW INFORMACJI;2018;35111.79;1797.62;2264.91;1055.0;824.0;0.0511970480570771;0.781042654028436;5015.29;12032.23;0.1428377761429992;0.3426834690000139;0.0645056831337849;0.0390349405817123;-0.0490609053906136;0.0271687884007516;-0.0108200143828108;0.0102011426656265;3.266300761016573;7.726249156689485;73.81684544510554;94.72640172955076;10.401165459638658;49.4569543215173;34.89626144972754;43.632677172801394;Stabilne, ale bez dynamiki;2246.635729573288;2246.635729573288;2246.635729573288
21;21;PRODUKCJA PODSTAWOWYCH SUBSTANCJI FARMACEUTYCZNYCH ORAZ LEKÓW I POZOSTAŁYCH WYROBÓW FARMACEUTYCZNYCH;2018;29248.59;2416.4;1620.95;186.0;152.0;0.0826159483243465;0.8172043010752689;4315.85;11983.94;0.147557540380579;0.4097271013748013;0.0554197655339966;-0.0497651671104637;0.1537622746171878;0.117776222681101;-0.0515404432582642;0.0212437951856674;1.1326888402301658;6.383601551384994;83.08077509971716;90.84069094560208;12.140604517883098;49.8448392145022;34.023529556249365;43.516315351201065;Stabilne, ale bez dynamiki;1932.4954127332448;1932.4954127332448;1932.4954127332448
14;14;PRODUKCJA ODZIEŻY;2018;13178.5;1059.43;362.52;1144.0;753.0;0.0803907880259513;0.6582167832167832;1304.73;3706.94;0.0990044390484501;0.2812869446446864;0.0275084417801722;0.0096144918854377;0.116316848653144;0.035382526104901;-0.0525246643734765;0.0133401593885085;2.9406545016038104;7.371755269916326;74.60335859216987;94.25438235817391;10.5588489465429;49.35822407329448;34.71138086704423;43.49948679079438;Branże ryzykowne / schyłkowe;838.9302746679659;838.9302746679659;838.9302746679659
52;52;MAGAZYNOWANIE I DZIAŁALNOŚĆ USŁUGOWA WSPOMAGAJĄCA TRANSPORT;2018;143438.94;4148.389999999999;32882.9;1940.0;1539.0;0.0289209471291407;0.7932989690721649;51571.37;113882.58;0.3595353535100022;0.7939446568693271;0.2292466745780469;0.1013920553160385;0.2661980651452083;0.0227868487428732;0.030266008656266;0.0074569717766284;7.910970072470258;9.090218226844296;69.14344157802452;92.28383667232208;10.317043035774407;48.82575996740788;34.539033684059675;43.1110694540686;Branże ryzykowne / schyłkowe;13453.150898068758;13453.150898068758;13453.150898068758
37;37;ODPROWADZANIE I OCZYSZCZANIE ŚCIEKÓW;2018;16767.44;1032.96;4360.32;704.0;598.0;0.0616051108577099;0.8494318181818182;5561.740000000001;9908.56;0.3316988162772612;0.5909405371362594;0.2600468527097756;0.0356041004085685;-0.0811348219343345;-0.0964657268001892;0.0146219517153269;0.012766336704923;2.0187039484734908;7.637652183909556;79.7061840844203;91.64981016434442;8.027687980713148;49.73464290608048;32.99731389676145;43.03971130235287;Stabilne, ale bez dynamiki;1510.798888851537;1510.798888851537;1510.798888851537
68;68;DZIAŁALNOŚĆ ZWIĄZANA Z OBSŁUGĄ RYNKU NIERUCHOMOŚCI;2018;93439.53;5535.52;7375.8;5069.0;4425.0;0.0592417363400693;0.8729532452160189;47415.37;94924.41;0.5074444402706221;1.0158913470562192;0.0789366128018837;0.0219792515824588;0.0017627309989749;-0.0473068830545762;-0.01250371559745;0.0212137963693462;13.876202111671494;7.479289085840378;80.3214159614285;85.96680485707;8.971416423620836;50.51545814127252;31.622394752321448;42.95823278569209;Stabilne, ale bez dynamiki;9946.227022842124;9946.227022842124;9946.227022842124
30;30;PRODUKCJA POZOSTAŁEGO SPRZĘTU TRANSPORTOWEGO;2018;52432.59;2236.38;2056.73;437.0;316.0;0.0426524800701243;0.7231121281464531;8927.76;28445.4;0.1702711996489206;0.5425137304870883;0.0392261759337084;0.0316624235808595;0.2291906992651444;-0.0390051638921931;0.0077462420473128;0.0032678535178411;2.267925724943152;7.855314760101249;68.89265447679276;95.90018699975724;9.130788937325898;48.4106335541393;34.77896610288791;42.95796657363874;Branże ryzykowne / schyłkowe;3660.801811858645;3660.801811858645;3660.801811858645
26;26;PRODUKCJA KOMPUTERÓW, WYROBÓW ELEKTRONICZNYCH I OPTYCZNYCH;2018;89014.62;2052.44;2120.77;877.0;625.0;0.0230573359746971;0.7126567844925884;5137.150000000001;25463.75;0.0577113063000212;0.2860625591616298;0.0238249626859048;0.026573146040838;-0.1169515081144977;0.0312688533857856;0.0132672506576692;0.0059199734277687;4.159956565746213;7.449168755726388;63.719870870906;96.87244125678238;10.479876585640108;47.68598359684205;35.48843363800867;42.806963613308696;Trudna teraźniejszość, dobra przyszłość;4831.1403508436015;4831.1403508436015;4831.1403508436015
13;13;PRODUKCJA WYROBÓW TEKSTYLNYCH;2018;33185.88;1117.7;1532.9;947.0;697.0;0.0336799867895623;0.7360084477296727;5239.58;11316.96;0.1578858237298513;0.3410173242354881;0.0461913319761296;0.0779646114765326;-0.0589288876813828;0.1621435393631449;-0.0110163866929865;0.014411775873145;2.9722222214772938;8.387597906000554;67.40825717186547;93.286676248241;12.992347469873792;47.52941108823427;35.69922123422199;42.79733514662935;Trudna teraźniejszość, dobra przyszłość;2089.7228881117962;2089.7228881117962;2089.7228881117962
92;92;DZIAŁALNOŚĆ ZWIĄZANA Z GRAMI LOSOWYMI I ZAKŁADAMI WZAJEMNYMI;2018;29252.74;727.28;262.56;38.0;20.0;0.0248619445563048;0.5263157894736842;240.0;2061.5;0.0082043596599839;0.0704720309960707;0.0089755694680224;0.157726456822866;0.0985651965584608;0.3101960674926685;0.0589558960637233;0.0079984266316424;0.7935262665813163;9.906136682548969;54.8310629078775;97.46626402750933;15.834590516989614;45.58288435917567;38.54555641981332;42.767953183430734;Trudna teraźniejszość, dobra przyszłość;1271.1658574199314;1271.1658574199314;1271.1658574199314
71;71;"DZIAŁALNOŚĆ W ZAKRESIE ARCHITEKTURY I INŻYNIERII; BADANIA I ANALIZY TECHNICZNE";2018;30122.89;1570.19;940.13;2203.0;1738.0;0.0521261406193097;0.7889241942805265;3125.78;9773.82;0.1037675999879161;0.3244648836814794;0.0312098208372437;0.0057239482730429;0.0734257939745002;-0.1676909883436097;0.0114543314795623;0.0174461026535905;5.777403813798169;7.265288168363019;74.43140032977925;92.70976637074436;6.660338790811514;49.3925827985185;32.65665187805681;42.69821043033383;Stabilne, ale bez dynamiki;1918.690164768366;1918.690164768366;1918.690164768366
38;38;"DZIAŁALNOŚĆ ZWIĄZANA ZE ZBIERANIEM, PRZETWARZANIEM I UNIESZKODLIWIANIEM ODPADÓW; ODZYSK SUROWCÓW";2018;55365.83;2190.84;3234.15;1941.0;1458.0;0.0395702547943379;0.7511591962905718;11168.13;23018.050000000003;0.2017152095435036;0.4157446930715208;0.0584141879567234;0.0533990538463786;-0.025338789622281;-0.2119675572733039;0.0020693281982295;0.0082513943134486;5.786403418453938;7.995449019606358;69.5635818693396;94.67235937382202;5.8103379716396;48.94874621807388;33.12447770668435;42.61903881351807;Branże ryzykowne / schyłkowe;3796.8920912518743;3796.8920912518743;3796.8920912518743
63;63;DZIAŁALNOŚĆ USŁUGOWA W ZAKRESIE INFORMACJI;2018;28810.83;2640.0;646.07;630.0;447.0;0.091632209138022;0.7095238095238096;16180.3;21808.44;0.5616047854227039;0.7569528541871234;0.0224245535446219;0.2801709941232724;0.4011413027363033;-0.0284614715814282;0.028538758545993;0.0263705500497176;2.1399058396295354;12.29323338035992;79.83635004002531;85.13754885180177;9.333201800785972;49.00164167856275;32.962515389962896;42.585991163122806;Branże ryzykowne / schyłkowe;2752.392088281801;2752.392088281801;2752.392088281801
79;79;DZIAŁALNOŚĆ ORGANIZATORÓW TURYSTYKI, POŚREDNIKÓW I AGENTÓW TURYSTYCZNYCH ORAZ POZOSTAŁA DZIAŁALNOŚĆ USŁUGOWA W ZAKRESIE REZERWACJI I DZIAŁALNOŚCI Z NIĄ ZWIĄZANE;2018;33120.18;281.26;74.21;243.0;190.0;0.0084921036057171;0.7818930041152263;603.9399999999999;6293.009999999999;0.0182348042794453;0.1900053079421669;0.0022406279192927;0.15252480575238;-0.1398548853547544;-0.1424379389551351;-0.0914397035839301;0.0089598299012588;1.356845072028953;9.59717534877463;63.72528625762159;96.56117608085458;7.1451349976015255;47.57033724026122;34.70555942792937;42.42442611532848;Branże ryzykowne / schyłkowe;1585.5788512454114;1585.5788512454114;1585.5788512454114
1;1;UPRAWY ROLNE, CHÓW I HODOWLA ZWIERZĄT, ŁOWIECTWO, WŁĄCZAJĄC DZIAŁALNOŚĆ USŁUGOWĄ;2018;46357.23;2256.78;2709.1;2439.0;1945.0;0.0486823738174174;0.7974579745797458;12483.17;21941.55;0.2692820515807351;0.4733145185767138;0.0584396436111476;-0.0315128961334532;-0.1474723406563861;-0.1014527144754345;-0.0451952817259524;0.0156745163986478;6.710430081611119;6.420754330289735;74.04086788882938;91.61587241344144;7.9319501285798975;48.94225329513444;32.58376807455131;42.39885920690119;Branże ryzykowne / schyłkowe;3477.054350540692;3477.054350540692;3477.054350540692
36;36;POBÓR, UZDATNIANIE I DOSTARCZANIE WODY;2018;15150.24;737.06;3283.28;858.0;626.0;0.0486500543885773;0.7296037296037297;5772.52;9261.86;0.3810183865074085;0.6113342098871042;0.2167147187107267;0.0517195184424621;0.0465378772143081;-0.1034036239668079;0.0227534971766474;0.0054986120036122;2.3326672145932346;8.032661756360183;70.64048609321824;93.60221246187425;7.894497482499061;48.21548414387553;33.64826125846995;42.3885949897133;Branże ryzykowne / schyłkowe;1385.6667960534946;1385.6667960534946;1385.6667960534946
55;55;ZAKWATEROWANIE;2018;18032.74;1195.08;1511.51;1226.0;884.0;0.0662727904910734;0.7210440456769984;12115.97;17660.1;0.6718873559980346;0.9793353644537656;0.0838203179328266;0.1179221886775891;0.121537837262339;-0.0835790543331268;0.0054976365808316;0.0166349418731957;3.2458484450450285;9.24178420408171;74.39445697203398;86.61332785602025;8.275080279127154;47.542228339844;32.06656572968145;41.35196329577898;Branże ryzykowne / schyłkowe;2038.4415255865556;2038.4415255865556;2038.4415255865556
39;39;DZIAŁALNOŚĆ ZWIĄZANA Z REKULTYWACJĄ I POZOSTAŁA DZIAŁALNOŚĆ USŁUGOWA ZWIĄZANA Z GOSPODARKĄ ODPADAMI;2018;1695.92;12.1;25.24;56.0;42.0;0.0071347705080428;0.75;385.02;636.1;0.2270272182650125;0.3750766545591773;0.0148827774895042;0.1949383096693584;-0.2874100376562781;-0.0190595369636769;0.012196323958554;0.0149626906329099;0.1693241193796956;10.191828968307748;61.80853476160222;92.53967896628126;9.513695735164202;45.795859446237806;34.62493067444238;41.32748793751964;Branże ryzykowne / schyłkowe;122.55052314776455;122.55052314776455;122.55052314776455
51;51;TRANSPORT LOTNICZY;2018;22556.45;2314.56;32.16;43.0;31.0;0.1026118914988839;0.7209302325581395;677.72;10373.46;0.0300455080475872;0.4598888566241584;0.001425756269271;0.2082173294342133;0.1589382057653843;-0.5146282417144665;-0.0076338854921662;0.0388824428554385;0.6432805515332335;10.83121893849171;83.01219953339717;85.64312449545544;0.0;49.2824480769155;28.942303030184146;41.14639005822296;Branże ryzykowne / schyłkowe;1399.6116635662243;1399.6116635662243;1399.6116635662243
73;73;REKLAMA, BADANIE RYNKU I OPINII PUBLICZNEJ;2018;61287.29;1189.89;663.14;1305.0;1034.0;0.0194149553683969;0.7923371647509578;3757.6;18901.5;0.0613112441421377;0.308408154447684;0.0108201880030916;0.0682034541634348;-0.0942927023116194;-0.0791261979812377;0.0470080376198809;0.0301801110869008;4.471486432553228;8.186955968942224;66.8395364727786;88.93566449541301;8.360564128446432;46.33161974556475;32.48101179068514;40.79137656361291;Branże ryzykowne / schyłkowe;3405.4304270555267;3405.4304270555267;3405.4304270555267
72;72;BADANIA NAUKOWE I PRACE ROZWOJOWE;2018;33615.21;516.24;177.75;940.0;639.0;0.0153573337783699;0.6797872340425531;2562.3;10504.71;0.0762244234083321;0.3124987170985991;0.0052877849045119;0.0735974062153235;-0.1858024456445024;-0.3251942745878802;0.0373817115655801;0.0105808866898513;2.9665438080634656;8.195645924939987;60.24914796060924;95.14101118965816;3.636664518704293;46.24681058989745;32.45566294186116;40.73035153068294;Branże ryzykowne / schyłkowe;1898.030815604277;1898.030815604277;1898.030815604277
35;35;WYTWARZANIE I ZAOPATRYWANIE W ENERGIĘ ELEKTRYCZNĄ, GAZ, PARĘ WODNĄ, GORĄCĄ WODĘ I POWIETRZE DO UKŁADÓW KLIMATYZACYJNYCH;2018;534400.69;17145.97;48040.24;1047.0;672.0;0.0320844832741514;0.6418338108882522;100250.79;351019.54000000004;0.1875947989513262;0.6568470935170388;0.0898955426124169;0.0083744528677474;0.7951287580870227;-0.1148799713547914;0.0035268005943271;0.0303517551135144;15.305184642472824;7.975004901449973;62.32090512094104;86.55936478766796;7.674179943974857;46.602823870392704;31.429982884325323;40.53368747596575;Branże ryzykowne / schyłkowe;40496.40108475676;40496.40108475676;40496.40108475676
85;85;EDUKACJA;2018;5139.53;306.45;161.13;913.0;591.0;0.0596260747578085;0.6473165388828039;720.65;1677.4900000000002;0.1402171015637616;0.3263897671576973;0.0313511157635036;0.0327098256054398;0.4031903466144162;0.0568788113465761;0.0237181562280908;0.0384805924444337;2.2169980773594764;8.03345744046638;69.13078589163138;85.70528548726526;10.97152455592877;45.44604609467591;32.510232700691;40.27172073708194;Branże ryzykowne / schyłkowe;382.1163157145532;382.1163157145532;382.1163157145532
74;74;POZOSTAŁA DZIAŁALNOŚĆ PROFESJONALNA, NAUKOWA I TECHNICZNA;2018;2463.96;164.68;164.25;336.0;113.0;0.066835500576308;0.3363095238095238;262.54999999999995;773.02;0.106556112923911;0.3137307423821815;0.066660984756246;-0.1987954967150264;-0.1791238910455589;0.0023857678970273;0.0626585691826111;0.0059904311777387;0.8297198792078813;3.510767048541616;55.29126452991052;96.4312622190918;9.925392647089216;43.79583053618215;33.95276583912571;39.85860465735958;Branże ryzykowne / schyłkowe;179.6069311901574;179.6069311901574;179.6069311901574
61;61;TELEKOMUNIKACJA;2018;81181.23999999999;3145.23;9287.07;406.0;286.0;0.0387433106466469;0.7044334975369458;53216.22;79989.87;0.6555236160472544;0.9853245651335212;0.1143992134143307;0.0107099836060047;-0.0628244355614382;0.0558879167302441;-0.0016366641362386;0.0325592152701279;2.8911090135809374;7.225785462155185;67.0310593409011;81.55546348365846;10.95250182548792;43.609072048577794;31.01537541393926;38.57159339472238;Branże ryzykowne / schyłkowe;8764.632441800266;8764.632441800266;8764.632441800266
53;53;DZIAŁALNOŚĆ POCZTOWA I KURIERSKA;2018;10783.66;117.26;295.6;50.0;18.0;0.0108738591535712;0.36;1024.7;4388.52;0.0950233965091629;0.4069601600940682;0.0274118434742935;0.0742506092047496;-0.076807935405267;0.074618280611336;-0.0370716072229105;0.0148647510103527;0.3750281402743132;8.307185776715222;43.195837428263445;93.22492674723432;11.312078572900226;40.91823945346983;34.98446518634496;38.54472974661988;Trudna teraźniejszość, dobra przyszłość;654.5003032562552;654.5003032562552;654.5003032562552
9;9;DZIAŁALNOŚĆ USŁUGOWA WSPOMAGAJĄCA GÓRNICTWO I WYDOBYWANIE;2018;6696.84;135.17000000000002;293.38;130.0;94.0;0.0201841465527024;0.7230769230769231;1164.14;2979.68;0.1738342262918033;0.4449382096630649;0.0438087217254705;0.055164100155342;0.4718584107073316;0.0655038234910601;0.010471965723432;0.0653970330597277;0.4597216779751353;8.483339069729368;63.559056940109805;76.3012501715882;11.137103496786183;40.99291838953128;29.890218171109744;36.551838302162665;Branże ryzykowne / schyłkowe;451.6964555952799;451.6964555952799;451.6964555952799
50;50;TRANSPORT WODNY;2018;2130.84;171.98;26.68;46.0;26.0;0.0807099547596253;0.5652173913043478;252.57;969.99;0.1185307202793264;0.4552148448499183;0.0125208837829212;0.0444312450306425;-0.2206768211125679;0.0117657852745596;0.0;0.0785358157558595;0.1569037492289273;7.661270375028539;70.0291287076772;72.35642822520214;10.105465824561692;41.16090898808287;28.04749590989388;35.91554375680727;Branże ryzykowne / schyłkowe;152.10476352306154;152.10476352306154;152.10476352306154
95;95;NAPRAWA I KONSERWACJA KOMPUTERÓW I ARTYKUŁÓW UŻYTKU OSOBISTEGO I DOMOWEGO;2018;2668.59;5.65;24.35;168.0;62.0;0.0021172229529451;0.369047619047619;108.57;593.44;0.0406844063719042;0.2223796087072199;0.0091246688326044;-0.2946737873415751;-0.6767334459284949;-0.3248154016772931;-0.0385002864617277;0.01584936152111;0.4495523316988673;1.4017229726741125;41.57022895905375;94.0615076021085;3.643937943275026;39.05135072990429;30.0965443497448;35.4694281778405;Branże ryzykowne / schyłkowe;155.00766634055708;155.00766634055708;155.00766634055708
93;93;DZIAŁALNOŚĆ SPORTOWA, ROZRYWKOWA I REKREACYJNA;2018;7087.94;-348.88000000000005;871.14;549.0;228.0;-0.0492216356233263;0.4153005464480874;6088.23;9460.61;0.858956198839155;1.3347474724673178;0.1229045392596438;0.1272133533127659;0.1136508176385766;0.1506221899970876;0.0372156967475054;0.0122512627822888;1.429646738909124;9.394535130554624;31.69993171993155;85.30654842914637;12.771166004465645;36.15151058914728;33.51879146969656;35.09842294136699;Branże ryzykowne / schyłkowe;935.9782988662971;935.9782988662971;935.9782988662971
5;5;WYDOBYWANIE WĘGLA KAMIENNEGO I WĘGLA BRUNATNEGO (LIGNITU);2018;30313.95;783.59;3563.89;36.0;10.0;0.0258491552569031;0.2777777777777778;1536.98;13230.2;0.0507020695092523;0.4364393290877632;0.1175660050900657;0.0589393980335624;0.3911340172725637;0.1179042591671;-0.1264195352637011;0.0543684005239758;0.8145685708870172;8.474077394833508;42.638431892552006;80.6348463446898;12.143062502334333;37.13149493943072;31.58990212279073;34.91485781277473;Branże ryzykowne / schyłkowe;1911.5169478709222;1911.5169478709222;1911.5169478709222
70;70;"DZIAŁALNOŚĆ FIRM CENTRALNYCH (HEAD OFFICES); DORADZTWO ZWIĄZANE Z ZARZĄDZANIEM";2018;48191.5;3712.41;1536.08;1701.0;1359.0;0.0770345392859736;0.798941798941799;33250.69;63927.63;0.6899700154591578;1.3265333098160463;0.0318745006899557;0.2446386158943498;0.3359637858075814;-0.0208316227835831;0.0803491170157137;0.1036573221305374;5.06299615792276;11.62133852884855;80.84315635489526;56.91757733531557;9.479676062118736;41.20399615311517;24.353545184096728;34.46381576550779;Branże ryzykowne / schyłkowe;5925.056169890715;5925.056169890715;5925.056169890715
59;59;DZIAŁALNOŚĆ ZWIĄZANA Z PRODUKCJĄ FILMÓW, NAGRAŃ WIDEO, PROGRAMÓW TELEWIZYJNYCH, NAGRAŃ DŹWIĘKOWYCH I MUZYCZNYCH;2018;6650.68;490.85;308.82;147.0;66.0;0.0738044831505951;0.4489795918367347;1398.34;2529.05;0.2102551919502968;0.3802693859875983;0.0464343495702695;0.0321659030674776;0.2010533449452411;-0.1189319038898979;-0.008909159481791;0.0784669972455576;0.4975763445204563;7.838095019791515;62.57853905260448;72.1605888617739;7.596392842188838;39.35185044553526;27.03816230134516;34.42637518785922;Branże ryzykowne / schyłkowe;458.73633819431313;458.73633819431313;458.73633819431313
77;77;WYNAJEM I DZIERŻAWA;2018;35287.17;2423.88;31430.1;617.0;509.0;0.0686901216504469;0.8249594813614263;125061.55;146727.21;3.544108241040582;4.158089469912152;0.8906948332779309;0.1448977493240395;0.2260761537708027;0.0951126497108678;0.0116096606234776;0.0074079338965328;2.2665014992366457;9.802535136924275;80.16387238636307;58.03396563015728;11.705519865758188;40.35509186971635;25.03315817642774;34.226318392400906;Branże ryzykowne / schyłkowe;13171.047780417659;13171.047780417659;13171.047780417659
90;90;DZIAŁALNOŚĆ TWÓRCZA ZWIĄZANA Z KULTURĄ I ROZRYWKĄ;2018;143.23;-13.65;9.9;18.0;12.0;-0.0953012637017384;0.6666666666666666;6.27;299.59;0.0437757453047545;2.091670739370244;0.0691195978496125;-0.2000990236317352;-1.4765494137353434;-0.0634102888372925;-0.1829420593567562;0.0285801759319779;0.0447205218937316;2.2944994254286475;33.33333333333333;81.57733316497989;8.662270786602274;33.38910224356321;28.62645809176347;31.48404458284331;Branże ryzykowne / schyłkowe;32.4672780170548;32.4672780170548;32.4672780170548
60;60;NADAWANIE PROGRAMÓW OGÓLNODOSTĘPNYCH I ABONAMENTOWYCH;2018;28599.4;-2412.52;2406.67;164.0;128.0;-0.0843556158520808;0.7804878048780488;11622.06;19472.08;0.4063742595998518;0.6808562417393372;0.0841510661062819;0.1094208736069564;-0.875470222605741;0.1471951266564231;-0.0119058936308242;0.0836988568086184;1.0665807323129224;8.177987074725571;41.62184204193635;67.94702200023424;12.705374848616502;33.04738002569834;27.919652661934546;30.996289080192824;Branże ryzykowne / schyłkowe;2318.980626610876;2318.980626610876;2318.980626610876
64;64;FINANSOWA DZIAŁALNOŚĆ USŁUGOWA, Z WYŁĄCZENIEM UBEZPIECZEŃ I FUNDUSZÓW EMERYTALNYCH;2018;53009.63;6117.23;13137.82;889.0;594.0;0.1153984662786742;0.6681664791901012;293189.65;398622.06;5.530875239083918;7.519804609087066;0.2478383644632117;0.071054712868799;-0.1352912873203948;0.8122770183114558;0.0256318912036037;0.0291380299607293;3.317987444902526;8.1983344023655;83.40832395950505;24.0053643126752;25.473305300066876;30.7668713732507;19.85043173453896;26.400295517766004;Branże ryzykowne / schyłkowe;29457.58828892502;29457.58828892502;29457.58828892502
75;75;DZIAŁALNOŚĆ WETERYNARYJNA;2018;0.0;0.0;5.22;36.0;0.0;;0.0;0.0;0.0;;;inf;-0.3333333333333333;-0.3333333333333333;0.5221925633430777;0.0626585691826111;;0.0825233816247937;1.0519239260221631;0.0;;19.904399887732733;0.2794856578304995;8.277337132899742;3.478626247858197;Branże ryzykowne / schyłkowe;inf;inf;inf
94;94;DZIAŁALNOŚĆ ORGANIZACJI CZŁONKOWSKICH;2018;0.0;0.0;0.0;12.0;0.0;;0.0;0.0;0.0;;;;-0.3333333333333333;-0.3333333333333333;;-0.1264195352637011;;0.0275077938749312;1.0519239260221631;0.0;;;0.2684825402805271;0.315577177806649;0.2873203952909758;Branże ryzykowne / schyłkowe;11.159466957558548;11.159466957558548;11.159466957558548
6;6;GÓRNICTWO ROPY NAFTOWEJ I GAZU ZIEMNEGO;2018;0.0;0.0;0.0;6.0;0.0;;0.0;0.0;0.0;;;;;;;-0.2062994740159002;;0.0137538969374656;;0.0;;;0.0027507793874931;;0.0016504676324958;Brak danych;1.2721575144506472;1.2721575144506472;1.2721575144506472
7;7;GÓRNICTWO RUD METALI;2018;0.0;0.0;0.0;6.0;0.0;;0.0;0.0;0.0;;;;;;;-0.0914397035839301;;0.0137538969374656;;0.0;;;0.0027507793874931;;0.0016504676324958;Brak danych;1.4232189266243593;1.4232189266243593;1.4232189266243593
65;65;UBEZPIECZENIA, REASEKURACJA ORAZ FUNDUSZE EMERYTALNE, Z WYŁĄCZENIEM OBOWIĄZKOWEGO UBEZPIECZENIA SPOŁECZNEGO;2018;0.0;0.0;0.0;0.0;0.0;;;0.0;0.0;;;;;;;;;0.0;;;;;0.0;;0.0;Brak danych;11.818181818181818;11.818181818181818;11.818181818181818
84;84;"ADMINISTRACJA PUBLICZNA I OBRONA NARODOWA; OBOWIĄZKOWE ZABEZPIECZENIA SPOŁECZNE";2018;0.0;0.0;0.0;0.0;0.0;;;0.0;0.0;;;;;;;;;0.0;;;;;0.0;;0.0;Brak danych;15.272727272727273;15.272727272727273;15.272727272727273
97;97;GOSPODARSTWA DOMOWE ZATRUDNIAJĄCE PRACOWNIKÓW;2018;0.0;0.0;0.0;0.0;0.0;;;0.0;0.0;;;;;;;;;0.0;;;;;0.0;;0.0;Brak danych;17.636363636363637;17.636363636363637;17.636363636363637
98;98;GOSPODARSTWA DOMOWE PRODUKUJĄCE WYROBY I ŚWIADCZĄCE USŁUGI NA WŁASNE POTRZEBY;2018;0.0;0.0;0.0;0.0;0.0;;;0.0;0.0;;;;;;;;;0.0;;;;;0.0;;0.0;Brak danych;17.818181818181817;17.818181818181817;17.818181818181817
99;99;ORGANIZACJE I ZESPOŁY EKSTERYTORIALNE;2018;0.0;0.0;0.0;0.0;0.0;;;0.0;0.0;;;;;;;;;0.0;;;;;0.0;;0.0;Brak danych;18.0;18.0;18.0
